[0.109s] DEBUG:colcon:Command line arguments: ['/usr/bin/colcon', 'build', '--symlink-install', '--build-base', 'build_clang', '--install-base', 'install_clang', '--cmake-args', '-DCMAKE_EXPORT_COMPILE_COMMANDS=ON']
[0.109s] DEBUG:colcon:Parsed command line arguments: Namespace(log_base=None, log_level=None, verb_name='build', build_base='/home/dragonblade316/Programming/robotics/dummy/build_clang', install_base='/home/dragonblade316/Programming/robotics/dummy/install_clang', merge_install=False, symlink_install=True, test_result_base=None, continue_on_error=False, executor='parallel', parallel_workers=20, event_handlers=None, ignore_user_meta=False, metas=['./colcon.meta'], base_paths=['.'], packages_ignore=None, packages_ignore_regex=None, paths=None, packages_up_to=None, packages_up_to_regex=None, packages_above=None, packages_above_and_dependencies=None, packages_above_depth=None, packages_select_by_dep=None, packages_skip_by_dep=None, packages_skip_up_to=None, packages_select_build_failed=False, packages_skip_build_finished=False, packages_select_test_failures=False, packages_skip_test_passed=False, packages_select=None, packages_skip=None, packages_select_regex=None, packages_skip_regex=None, packages_start=None, packages_end=None, allow_overriding=[], cmake_args=['-DCMAKE_EXPORT_COMPILE_COMMANDS=ON'], cmake_target=None, cmake_target_skip_unavailable=False, cmake_clean_cache=False, cmake_clean_first=False, cmake_force_configure=False, ament_cmake_args=None, catkin_cmake_args=None, catkin_skip_building_tests=False, mixin_files=None, mixin=None, verb_parser=<colcon_mixin.mixin.mixin_argument.MixinArgumentDecorator object at 0x73493e800400>, verb_extension=<colcon_core.verb.build.BuildVerb object at 0x73493e981300>, main=<bound method BuildVerb.main of <colcon_core.verb.build.BuildVerb object at 0x73493e981300>>, mixin_verb=('build',))
[0.279s] Level 1:colcon.colcon_core.package_discovery:discover_packages(colcon_meta) check parameters
[0.279s] Level 1:colcon.colcon_core.package_discovery:discover_packages(recursive) check parameters
[0.279s] Level 1:colcon.colcon_core.package_discovery:discover_packages(ignore) check parameters
[0.279s] Level 1:colcon.colcon_core.package_discovery:discover_packages(path) check parameters
[0.279s] Level 1:colcon.colcon_core.package_discovery:discover_packages(colcon_meta) discover
[0.279s] Level 1:colcon.colcon_core.package_discovery:discover_packages(recursive) discover
[0.279s] INFO:colcon.colcon_core.package_discovery:Crawling recursively for packages in '/home/dragonblade316/Programming/robotics/dummy'
[0.279s] Level 1:colcon.colcon_core.package_identification:_identify(.) by extensions ['ignore', 'ignore_ament_install']
[0.279s] Level 1:colcon.colcon_core.package_identification:_identify(.) by extension 'ignore'
[0.279s] Level 1:colcon.colcon_core.package_identification:_identify(.) by extension 'ignore_ament_install'
[0.279s] Level 1:colcon.colcon_core.package_identification:_identify(.) by extensions ['colcon_pkg']
[0.279s] Level 1:colcon.colcon_core.package_identification:_identify(.) by extension 'colcon_pkg'
[0.279s] Level 1:colcon.colcon_core.package_identification:_identify(.) by extensions ['colcon_meta']
[0.279s] Level 1:colcon.colcon_core.package_identification:_identify(.) by extension 'colcon_meta'
[0.279s] Level 1:colcon.colcon_core.package_identification:_identify(.) by extensions ['ros']
[0.279s] Level 1:colcon.colcon_core.package_identification:_identify(.) by extension 'ros'
[0.287s] Level 1:colcon.colcon_core.package_identification:_identify(.) by extensions ['cmake', 'python']
[0.287s] Level 1:colcon.colcon_core.package_identification:_identify(.) by extension 'cmake'
[0.287s] Level 1:colcon.colcon_core.package_identification:_identify(.) by extension 'python'
[0.287s] Level 1:colcon.colcon_core.package_identification:_identify(.) by extensions ['python_setup_py']
[0.287s] Level 1:colcon.colcon_core.package_identification:_identify(.) by extension 'python_setup_py'
[0.287s] Level 1:colcon.colcon_core.package_identification:_identify(arduino) by extensions ['ignore', 'ignore_ament_install']
[0.287s] Level 1:colcon.colcon_core.package_identification:_identify(arduino) by extension 'ignore'
[0.288s] Level 1:colcon.colcon_core.package_identification:_identify(arduino) by extension 'ignore_ament_install'
[0.288s] Level 1:colcon.colcon_core.package_identification:_identify(arduino) by extensions ['colcon_pkg']
[0.288s] Level 1:colcon.colcon_core.package_identification:_identify(arduino) by extension 'colcon_pkg'
[0.288s] Level 1:colcon.colcon_core.package_identification:_identify(arduino) by extensions ['colcon_meta']
[0.288s] Level 1:colcon.colcon_core.package_identification:_identify(arduino) by extension 'colcon_meta'
[0.288s] Level 1:colcon.colcon_core.package_identification:_identify(arduino) by extensions ['ros']
[0.288s] Level 1:colcon.colcon_core.package_identification:_identify(arduino) by extension 'ros'
[0.288s] Level 1:colcon.colcon_core.package_identification:_identify(arduino) by extensions ['cmake', 'python']
[0.288s] Level 1:colcon.colcon_core.package_identification:_identify(arduino) by extension 'cmake'
[0.288s] Level 1:colcon.colcon_core.package_identification:_identify(arduino) by extension 'python'
[0.288s] Level 1:colcon.colcon_core.package_identification:_identify(arduino) by extensions ['python_setup_py']
[0.288s] Level 1:colcon.colcon_core.package_identification:_identify(arduino) by extension 'python_setup_py'
[0.288s] Level 1:colcon.colcon_core.package_identification:_identify(arduino/sketch_dec20a) by extensions ['ignore', 'ignore_ament_install']
[0.288s] Level 1:colcon.colcon_core.package_identification:_identify(arduino/sketch_dec20a) by extension 'ignore'
[0.288s] Level 1:colcon.colcon_core.package_identification:_identify(arduino/sketch_dec20a) by extension 'ignore_ament_install'
[0.288s] Level 1:colcon.colcon_core.package_identification:_identify(arduino/sketch_dec20a) by extensions ['colcon_pkg']
[0.288s] Level 1:colcon.colcon_core.package_identification:_identify(arduino/sketch_dec20a) by extension 'colcon_pkg'
[0.288s] Level 1:colcon.colcon_core.package_identification:_identify(arduino/sketch_dec20a) by extensions ['colcon_meta']
[0.288s] Level 1:colcon.colcon_core.package_identification:_identify(arduino/sketch_dec20a) by extension 'colcon_meta'
[0.288s] Level 1:colcon.colcon_core.package_identification:_identify(arduino/sketch_dec20a) by extensions ['ros']
[0.288s] Level 1:colcon.colcon_core.package_identification:_identify(arduino/sketch_dec20a) by extension 'ros'
[0.288s] Level 1:colcon.colcon_core.package_identification:_identify(arduino/sketch_dec20a) by extensions ['cmake', 'python']
[0.288s] Level 1:colcon.colcon_core.package_identification:_identify(arduino/sketch_dec20a) by extension 'cmake'
[0.288s] Level 1:colcon.colcon_core.package_identification:_identify(arduino/sketch_dec20a) by extension 'python'
[0.288s] Level 1:colcon.colcon_core.package_identification:_identify(arduino/sketch_dec20a) by extensions ['python_setup_py']
[0.288s] Level 1:colcon.colcon_core.package_identification:_identify(arduino/sketch_dec20a) by extension 'python_setup_py'
[0.288s] Level 1:colcon.colcon_core.package_identification:_identify(build_clang) by extensions ['ignore', 'ignore_ament_install']
[0.288s] Level 1:colcon.colcon_core.package_identification:_identify(build_clang) by extension 'ignore'
[0.288s] Level 1:colcon.colcon_core.package_identification:_identify(build_clang) ignored
[0.288s] Level 1:colcon.colcon_core.package_identification:_identify(dummy_bringup) by extensions ['ignore', 'ignore_ament_install']
[0.288s] Level 1:colcon.colcon_core.package_identification:_identify(dummy_bringup) by extension 'ignore'
[0.288s] Level 1:colcon.colcon_core.package_identification:_identify(dummy_bringup) by extension 'ignore_ament_install'
[0.288s] Level 1:colcon.colcon_core.package_identification:_identify(dummy_bringup) by extensions ['colcon_pkg']
[0.288s] Level 1:colcon.colcon_core.package_identification:_identify(dummy_bringup) by extension 'colcon_pkg'
[0.288s] Level 1:colcon.colcon_core.package_identification:_identify(dummy_bringup) by extensions ['colcon_meta']
[0.288s] Level 1:colcon.colcon_core.package_identification:_identify(dummy_bringup) by extension 'colcon_meta'
[0.288s] Level 1:colcon.colcon_core.package_identification:_identify(dummy_bringup) by extensions ['ros']
[0.288s] Level 1:colcon.colcon_core.package_identification:_identify(dummy_bringup) by extension 'ros'
[0.290s] DEBUG:colcon.colcon_core.package_identification:Package 'dummy_bringup' with type 'ros.ament_cmake' and name 'dummy_bringup'
[0.290s] Level 1:colcon.colcon_core.package_identification:_identify(dummy_controller) by extensions ['ignore', 'ignore_ament_install']
[0.290s] Level 1:colcon.colcon_core.package_identification:_identify(dummy_controller) by extension 'ignore'
[0.290s] Level 1:colcon.colcon_core.package_identification:_identify(dummy_controller) by extension 'ignore_ament_install'
[0.290s] Level 1:colcon.colcon_core.package_identification:_identify(dummy_controller) by extensions ['colcon_pkg']
[0.290s] Level 1:colcon.colcon_core.package_identification:_identify(dummy_controller) by extension 'colcon_pkg'
[0.290s] Level 1:colcon.colcon_core.package_identification:_identify(dummy_controller) by extensions ['colcon_meta']
[0.290s] Level 1:colcon.colcon_core.package_identification:_identify(dummy_controller) by extension 'colcon_meta'
[0.290s] Level 1:colcon.colcon_core.package_identification:_identify(dummy_controller) by extensions ['ros']
[0.290s] Level 1:colcon.colcon_core.package_identification:_identify(dummy_controller) by extension 'ros'
[0.291s] DEBUG:colcon.colcon_core.package_identification:Package 'dummy_controller' with type 'ros.ament_cmake' and name 'dummy_controller'
[0.291s] Level 1:colcon.colcon_core.package_identification:_identify(dummy_description) by extensions ['ignore', 'ignore_ament_install']
[0.291s] Level 1:colcon.colcon_core.package_identification:_identify(dummy_description) by extension 'ignore'
[0.291s] Level 1:colcon.colcon_core.package_identification:_identify(dummy_description) by extension 'ignore_ament_install'
[0.291s] Level 1:colcon.colcon_core.package_identification:_identify(dummy_description) by extensions ['colcon_pkg']
[0.291s] Level 1:colcon.colcon_core.package_identification:_identify(dummy_description) by extension 'colcon_pkg'
[0.291s] Level 1:colcon.colcon_core.package_identification:_identify(dummy_description) by extensions ['colcon_meta']
[0.291s] Level 1:colcon.colcon_core.package_identification:_identify(dummy_description) by extension 'colcon_meta'
[0.291s] Level 1:colcon.colcon_core.package_identification:_identify(dummy_description) by extensions ['ros']
[0.291s] Level 1:colcon.colcon_core.package_identification:_identify(dummy_description) by extension 'ros'
[0.291s] DEBUG:colcon.colcon_core.package_identification:Package 'dummy_description' with type 'ros.ament_cmake' and name 'dummy_description'
[0.291s] Level 1:colcon.colcon_core.package_identification:_identify(dummy_hardware) by extensions ['ignore', 'ignore_ament_install']
[0.291s] Level 1:colcon.colcon_core.package_identification:_identify(dummy_hardware) by extension 'ignore'
[0.291s] Level 1:colcon.colcon_core.package_identification:_identify(dummy_hardware) by extension 'ignore_ament_install'
[0.291s] Level 1:colcon.colcon_core.package_identification:_identify(dummy_hardware) by extensions ['colcon_pkg']
[0.292s] Level 1:colcon.colcon_core.package_identification:_identify(dummy_hardware) by extension 'colcon_pkg'
[0.292s] Level 1:colcon.colcon_core.package_identification:_identify(dummy_hardware) by extensions ['colcon_meta']
[0.292s] Level 1:colcon.colcon_core.package_identification:_identify(dummy_hardware) by extension 'colcon_meta'
[0.292s] Level 1:colcon.colcon_core.package_identification:_identify(dummy_hardware) by extensions ['ros']
[0.292s] Level 1:colcon.colcon_core.package_identification:_identify(dummy_hardware) by extension 'ros'
[0.292s] DEBUG:colcon.colcon_core.package_identification:Package 'dummy_hardware' with type 'ros.ament_cmake' and name 'dummy_hardware'
[0.292s] Level 1:colcon.colcon_core.package_identification:_identify(dummy_joy_control) by extensions ['ignore', 'ignore_ament_install']
[0.292s] Level 1:colcon.colcon_core.package_identification:_identify(dummy_joy_control) by extension 'ignore'
[0.292s] Level 1:colcon.colcon_core.package_identification:_identify(dummy_joy_control) by extension 'ignore_ament_install'
[0.292s] Level 1:colcon.colcon_core.package_identification:_identify(dummy_joy_control) by extensions ['colcon_pkg']
[0.292s] Level 1:colcon.colcon_core.package_identification:_identify(dummy_joy_control) by extension 'colcon_pkg'
[0.292s] Level 1:colcon.colcon_core.package_identification:_identify(dummy_joy_control) by extensions ['colcon_meta']
[0.292s] Level 1:colcon.colcon_core.package_identification:_identify(dummy_joy_control) by extension 'colcon_meta'
[0.292s] Level 1:colcon.colcon_core.package_identification:_identify(dummy_joy_control) by extensions ['ros']
[0.292s] Level 1:colcon.colcon_core.package_identification:_identify(dummy_joy_control) by extension 'ros'
[0.293s] DEBUG:colcon.colcon_core.package_identification:Package 'dummy_joy_control' with type 'ros.ament_cmake' and name 'dummy_joy_control'
[0.293s] Level 1:colcon.colcon_core.package_identification:_identify(dummy_motion) by extensions ['ignore', 'ignore_ament_install']
[0.293s] Level 1:colcon.colcon_core.package_identification:_identify(dummy_motion) by extension 'ignore'
[0.293s] Level 1:colcon.colcon_core.package_identification:_identify(dummy_motion) by extension 'ignore_ament_install'
[0.293s] Level 1:colcon.colcon_core.package_identification:_identify(dummy_motion) by extensions ['colcon_pkg']
[0.293s] Level 1:colcon.colcon_core.package_identification:_identify(dummy_motion) by extension 'colcon_pkg'
[0.293s] Level 1:colcon.colcon_core.package_identification:_identify(dummy_motion) by extensions ['colcon_meta']
[0.293s] Level 1:colcon.colcon_core.package_identification:_identify(dummy_motion) by extension 'colcon_meta'
[0.293s] Level 1:colcon.colcon_core.package_identification:_identify(dummy_motion) by extensions ['ros']
[0.293s] Level 1:colcon.colcon_core.package_identification:_identify(dummy_motion) by extension 'ros'
[0.293s] DEBUG:colcon.colcon_core.package_identification:Package 'dummy_motion' with type 'ros.ament_cmake' and name 'dummy_motion'
[0.293s] Level 1:colcon.colcon_core.package_identification:_identify(dummy_serial) by extensions ['ignore', 'ignore_ament_install']
[0.293s] Level 1:colcon.colcon_core.package_identification:_identify(dummy_serial) by extension 'ignore'
[0.294s] Level 1:colcon.colcon_core.package_identification:_identify(dummy_serial) by extension 'ignore_ament_install'
[0.294s] Level 1:colcon.colcon_core.package_identification:_identify(dummy_serial) by extensions ['colcon_pkg']
[0.294s] Level 1:colcon.colcon_core.package_identification:_identify(dummy_serial) by extension 'colcon_pkg'
[0.294s] Level 1:colcon.colcon_core.package_identification:_identify(dummy_serial) by extensions ['colcon_meta']
[0.294s] Level 1:colcon.colcon_core.package_identification:_identify(dummy_serial) by extension 'colcon_meta'
[0.294s] Level 1:colcon.colcon_core.package_identification:_identify(dummy_serial) by extensions ['ros']
[0.294s] Level 1:colcon.colcon_core.package_identification:_identify(dummy_serial) by extension 'ros'
[0.294s] DEBUG:colcon.colcon_core.package_identification:Package 'dummy_serial' with type 'ros.ament_python' and name 'dummy_serial'
[0.294s] Level 1:colcon.colcon_core.package_identification:_identify(install_clang) by extensions ['ignore', 'ignore_ament_install']
[0.294s] Level 1:colcon.colcon_core.package_identification:_identify(install_clang) by extension 'ignore'
[0.294s] Level 1:colcon.colcon_core.package_identification:_identify(install_clang) ignored
[0.294s] Level 1:colcon.colcon_core.package_identification:_identify(log) by extensions ['ignore', 'ignore_ament_install']
[0.294s] Level 1:colcon.colcon_core.package_identification:_identify(log) by extension 'ignore'
[0.294s] Level 1:colcon.colcon_core.package_identification:_identify(log) ignored
[0.294s] Level 1:colcon.colcon_core.package_identification:_identify(moveit_config) by extensions ['ignore', 'ignore_ament_install']
[0.294s] Level 1:colcon.colcon_core.package_identification:_identify(moveit_config) by extension 'ignore'
[0.294s] Level 1:colcon.colcon_core.package_identification:_identify(moveit_config) by extension 'ignore_ament_install'
[0.294s] Level 1:colcon.colcon_core.package_identification:_identify(moveit_config) by extensions ['colcon_pkg']
[0.294s] Level 1:colcon.colcon_core.package_identification:_identify(moveit_config) by extension 'colcon_pkg'
[0.294s] Level 1:colcon.colcon_core.package_identification:_identify(moveit_config) by extensions ['colcon_meta']
[0.294s] Level 1:colcon.colcon_core.package_identification:_identify(moveit_config) by extension 'colcon_meta'
[0.294s] Level 1:colcon.colcon_core.package_identification:_identify(moveit_config) by extensions ['ros']
[0.294s] Level 1:colcon.colcon_core.package_identification:_identify(moveit_config) by extension 'ros'
[0.295s] DEBUG:colcon.colcon_core.package_identification:Package 'moveit_config' with type 'ros.ament_cmake' and name 'moveit_config'
[0.295s] Level 1:colcon.colcon_core.package_identification:_identify(serial-ros2) by extensions ['ignore', 'ignore_ament_install']
[0.295s] Level 1:colcon.colcon_core.package_identification:_identify(serial-ros2) by extension 'ignore'
[0.295s] Level 1:colcon.colcon_core.package_identification:_identify(serial-ros2) by extension 'ignore_ament_install'
[0.295s] Level 1:colcon.colcon_core.package_identification:_identify(serial-ros2) by extensions ['colcon_pkg']
[0.295s] Level 1:colcon.colcon_core.package_identification:_identify(serial-ros2) by extension 'colcon_pkg'
[0.295s] Level 1:colcon.colcon_core.package_identification:_identify(serial-ros2) by extensions ['colcon_meta']
[0.295s] Level 1:colcon.colcon_core.package_identification:_identify(serial-ros2) by extension 'colcon_meta'
[0.295s] Level 1:colcon.colcon_core.package_identification:_identify(serial-ros2) by extensions ['ros']
[0.295s] Level 1:colcon.colcon_core.package_identification:_identify(serial-ros2) by extension 'ros'
[0.295s] DEBUG:colcon.colcon_core.package_identification:Package 'serial-ros2' with type 'ros.ament_cmake' and name 'serial'
[0.295s] Level 1:colcon.colcon_core.package_discovery:discover_packages(recursive) using defaults
[0.295s] Level 1:colcon.colcon_core.package_discovery:discover_packages(ignore) discover
[0.295s] Level 1:colcon.colcon_core.package_discovery:discover_packages(ignore) using defaults
[0.295s] Level 1:colcon.colcon_core.package_discovery:discover_packages(path) discover
[0.295s] Level 1:colcon.colcon_core.package_discovery:discover_packages(path) using defaults
[0.315s] Level 1:colcon.colcon_core.package_discovery:discover_packages(prefix_path) check parameters
[0.315s] Level 1:colcon.colcon_core.package_discovery:discover_packages(prefix_path) discover
[0.317s] DEBUG:colcon.colcon_installed_package_information.package_discovery:Found 9 installed packages in /home/dragonblade316/Programming/robotics/dummy/install_clang
[0.319s] DEBUG:colcon.colcon_installed_package_information.package_discovery:Found 374 installed packages in /opt/ros/humble
[0.320s] Level 1:colcon.colcon_core.package_discovery:discover_packages(prefix_path) using defaults
[0.347s] Level 5:colcon.colcon_core.verb:set package 'dummy_bringup' build argument 'cmake_args' from command line to '['-DCMAKE_EXPORT_COMPILE_COMMANDS=ON']'
[0.347s] Level 5:colcon.colcon_core.verb:set package 'dummy_bringup' build argument 'cmake_target' from command line to 'None'
[0.347s] Level 5:colcon.colcon_core.verb:set package 'dummy_bringup' build argument 'cmake_target_skip_unavailable' from command line to 'False'
[0.347s] Level 5:colcon.colcon_core.verb:set package 'dummy_bringup' build argument 'cmake_clean_cache' from command line to 'False'
[0.347s] Level 5:colcon.colcon_core.verb:set package 'dummy_bringup' build argument 'cmake_clean_first' from command line to 'False'
[0.347s] Level 5:colcon.colcon_core.verb:set package 'dummy_bringup' build argument 'cmake_force_configure' from command line to 'False'
[0.347s] Level 5:colcon.colcon_core.verb:set package 'dummy_bringup' build argument 'ament_cmake_args' from command line to 'None'
[0.347s] Level 5:colcon.colcon_core.verb:set package 'dummy_bringup' build argument 'catkin_cmake_args' from command line to 'None'
[0.347s] Level 5:colcon.colcon_core.verb:set package 'dummy_bringup' build argument 'catkin_skip_building_tests' from command line to 'False'
[0.347s] DEBUG:colcon.colcon_core.verb:Building package 'dummy_bringup' with the following arguments: {'ament_cmake_args': None, 'build_base': '/home/dragonblade316/Programming/robotics/dummy/build_clang/dummy_bringup', 'catkin_cmake_args': None, 'catkin_skip_building_tests': False, 'cmake_args': ['-DCMAKE_EXPORT_COMPILE_COMMANDS=ON'], 'cmake_clean_cache': False, 'cmake_clean_first': False, 'cmake_force_configure': False, 'cmake_target': None, 'cmake_target_skip_unavailable': False, 'install_base': '/home/dragonblade316/Programming/robotics/dummy/install_clang/dummy_bringup', 'merge_install': False, 'path': '/home/dragonblade316/Programming/robotics/dummy/dummy_bringup', 'symlink_install': True, 'test_result_base': None}
[0.347s] Level 5:colcon.colcon_core.verb:set package 'dummy_controller' build argument 'cmake_args' from command line to '['-DCMAKE_EXPORT_COMPILE_COMMANDS=ON']'
[0.347s] Level 5:colcon.colcon_core.verb:set package 'dummy_controller' build argument 'cmake_target' from command line to 'None'
[0.347s] Level 5:colcon.colcon_core.verb:set package 'dummy_controller' build argument 'cmake_target_skip_unavailable' from command line to 'False'
[0.347s] Level 5:colcon.colcon_core.verb:set package 'dummy_controller' build argument 'cmake_clean_cache' from command line to 'False'
[0.347s] Level 5:colcon.colcon_core.verb:set package 'dummy_controller' build argument 'cmake_clean_first' from command line to 'False'
[0.347s] Level 5:colcon.colcon_core.verb:set package 'dummy_controller' build argument 'cmake_force_configure' from command line to 'False'
[0.347s] Level 5:colcon.colcon_core.verb:set package 'dummy_controller' build argument 'ament_cmake_args' from command line to 'None'
[0.347s] Level 5:colcon.colcon_core.verb:set package 'dummy_controller' build argument 'catkin_cmake_args' from command line to 'None'
[0.347s] Level 5:colcon.colcon_core.verb:set package 'dummy_controller' build argument 'catkin_skip_building_tests' from command line to 'False'
[0.347s] DEBUG:colcon.colcon_core.verb:Building package 'dummy_controller' with the following arguments: {'ament_cmake_args': None, 'build_base': '/home/dragonblade316/Programming/robotics/dummy/build_clang/dummy_controller', 'catkin_cmake_args': None, 'catkin_skip_building_tests': False, 'cmake_args': ['-DCMAKE_EXPORT_COMPILE_COMMANDS=ON'], 'cmake_clean_cache': False, 'cmake_clean_first': False, 'cmake_force_configure': False, 'cmake_target': None, 'cmake_target_skip_unavailable': False, 'install_base': '/home/dragonblade316/Programming/robotics/dummy/install_clang/dummy_controller', 'merge_install': False, 'path': '/home/dragonblade316/Programming/robotics/dummy/dummy_controller', 'symlink_install': True, 'test_result_base': None}
[0.347s] Level 5:colcon.colcon_core.verb:set package 'dummy_description' build argument 'cmake_args' from command line to '['-DCMAKE_EXPORT_COMPILE_COMMANDS=ON']'
[0.347s] Level 5:colcon.colcon_core.verb:set package 'dummy_description' build argument 'cmake_target' from command line to 'None'
[0.347s] Level 5:colcon.colcon_core.verb:set package 'dummy_description' build argument 'cmake_target_skip_unavailable' from command line to 'False'
[0.347s] Level 5:colcon.colcon_core.verb:set package 'dummy_description' build argument 'cmake_clean_cache' from command line to 'False'
[0.347s] Level 5:colcon.colcon_core.verb:set package 'dummy_description' build argument 'cmake_clean_first' from command line to 'False'
[0.347s] Level 5:colcon.colcon_core.verb:set package 'dummy_description' build argument 'cmake_force_configure' from command line to 'False'
[0.347s] Level 5:colcon.colcon_core.verb:set package 'dummy_description' build argument 'ament_cmake_args' from command line to 'None'
[0.347s] Level 5:colcon.colcon_core.verb:set package 'dummy_description' build argument 'catkin_cmake_args' from command line to 'None'
[0.347s] Level 5:colcon.colcon_core.verb:set package 'dummy_description' build argument 'catkin_skip_building_tests' from command line to 'False'
[0.347s] DEBUG:colcon.colcon_core.verb:Building package 'dummy_description' with the following arguments: {'ament_cmake_args': None, 'build_base': '/home/dragonblade316/Programming/robotics/dummy/build_clang/dummy_description', 'catkin_cmake_args': None, 'catkin_skip_building_tests': False, 'cmake_args': ['-DCMAKE_EXPORT_COMPILE_COMMANDS=ON'], 'cmake_clean_cache': False, 'cmake_clean_first': False, 'cmake_force_configure': False, 'cmake_target': None, 'cmake_target_skip_unavailable': False, 'install_base': '/home/dragonblade316/Programming/robotics/dummy/install_clang/dummy_description', 'merge_install': False, 'path': '/home/dragonblade316/Programming/robotics/dummy/dummy_description', 'symlink_install': True, 'test_result_base': None}
[0.347s] Level 5:colcon.colcon_core.verb:set package 'dummy_hardware' build argument 'cmake_args' from command line to '['-DCMAKE_EXPORT_COMPILE_COMMANDS=ON']'
[0.348s] Level 5:colcon.colcon_core.verb:set package 'dummy_hardware' build argument 'cmake_target' from command line to 'None'
[0.348s] Level 5:colcon.colcon_core.verb:set package 'dummy_hardware' build argument 'cmake_target_skip_unavailable' from command line to 'False'
[0.348s] Level 5:colcon.colcon_core.verb:set package 'dummy_hardware' build argument 'cmake_clean_cache' from command line to 'False'
[0.348s] Level 5:colcon.colcon_core.verb:set package 'dummy_hardware' build argument 'cmake_clean_first' from command line to 'False'
[0.348s] Level 5:colcon.colcon_core.verb:set package 'dummy_hardware' build argument 'cmake_force_configure' from command line to 'False'
[0.348s] Level 5:colcon.colcon_core.verb:set package 'dummy_hardware' build argument 'ament_cmake_args' from command line to 'None'
[0.348s] Level 5:colcon.colcon_core.verb:set package 'dummy_hardware' build argument 'catkin_cmake_args' from command line to 'None'
[0.348s] Level 5:colcon.colcon_core.verb:set package 'dummy_hardware' build argument 'catkin_skip_building_tests' from command line to 'False'
[0.348s] DEBUG:colcon.colcon_core.verb:Building package 'dummy_hardware' with the following arguments: {'ament_cmake_args': None, 'build_base': '/home/dragonblade316/Programming/robotics/dummy/build_clang/dummy_hardware', 'catkin_cmake_args': None, 'catkin_skip_building_tests': False, 'cmake_args': ['-DCMAKE_EXPORT_COMPILE_COMMANDS=ON'], 'cmake_clean_cache': False, 'cmake_clean_first': False, 'cmake_force_configure': False, 'cmake_target': None, 'cmake_target_skip_unavailable': False, 'install_base': '/home/dragonblade316/Programming/robotics/dummy/install_clang/dummy_hardware', 'merge_install': False, 'path': '/home/dragonblade316/Programming/robotics/dummy/dummy_hardware', 'symlink_install': True, 'test_result_base': None}
[0.348s] Level 5:colcon.colcon_core.verb:set package 'dummy_joy_control' build argument 'cmake_args' from command line to '['-DCMAKE_EXPORT_COMPILE_COMMANDS=ON']'
[0.348s] Level 5:colcon.colcon_core.verb:set package 'dummy_joy_control' build argument 'cmake_target' from command line to 'None'
[0.348s] Level 5:colcon.colcon_core.verb:set package 'dummy_joy_control' build argument 'cmake_target_skip_unavailable' from command line to 'False'
[0.348s] Level 5:colcon.colcon_core.verb:set package 'dummy_joy_control' build argument 'cmake_clean_cache' from command line to 'False'
[0.348s] Level 5:colcon.colcon_core.verb:set package 'dummy_joy_control' build argument 'cmake_clean_first' from command line to 'False'
[0.348s] Level 5:colcon.colcon_core.verb:set package 'dummy_joy_control' build argument 'cmake_force_configure' from command line to 'False'
[0.348s] Level 5:colcon.colcon_core.verb:set package 'dummy_joy_control' build argument 'ament_cmake_args' from command line to 'None'
[0.348s] Level 5:colcon.colcon_core.verb:set package 'dummy_joy_control' build argument 'catkin_cmake_args' from command line to 'None'
[0.348s] Level 5:colcon.colcon_core.verb:set package 'dummy_joy_control' build argument 'catkin_skip_building_tests' from command line to 'False'
[0.348s] DEBUG:colcon.colcon_core.verb:Building package 'dummy_joy_control' with the following arguments: {'ament_cmake_args': None, 'build_base': '/home/dragonblade316/Programming/robotics/dummy/build_clang/dummy_joy_control', 'catkin_cmake_args': None, 'catkin_skip_building_tests': False, 'cmake_args': ['-DCMAKE_EXPORT_COMPILE_COMMANDS=ON'], 'cmake_clean_cache': False, 'cmake_clean_first': False, 'cmake_force_configure': False, 'cmake_target': None, 'cmake_target_skip_unavailable': False, 'install_base': '/home/dragonblade316/Programming/robotics/dummy/install_clang/dummy_joy_control', 'merge_install': False, 'path': '/home/dragonblade316/Programming/robotics/dummy/dummy_joy_control', 'symlink_install': True, 'test_result_base': None}
[0.348s] Level 5:colcon.colcon_core.verb:set package 'dummy_motion' build argument 'cmake_args' from command line to '['-DCMAKE_EXPORT_COMPILE_COMMANDS=ON']'
[0.348s] Level 5:colcon.colcon_core.verb:set package 'dummy_motion' build argument 'cmake_target' from command line to 'None'
[0.348s] Level 5:colcon.colcon_core.verb:set package 'dummy_motion' build argument 'cmake_target_skip_unavailable' from command line to 'False'
[0.348s] Level 5:colcon.colcon_core.verb:set package 'dummy_motion' build argument 'cmake_clean_cache' from command line to 'False'
[0.348s] Level 5:colcon.colcon_core.verb:set package 'dummy_motion' build argument 'cmake_clean_first' from command line to 'False'
[0.348s] Level 5:colcon.colcon_core.verb:set package 'dummy_motion' build argument 'cmake_force_configure' from command line to 'False'
[0.348s] Level 5:colcon.colcon_core.verb:set package 'dummy_motion' build argument 'ament_cmake_args' from command line to 'None'
[0.348s] Level 5:colcon.colcon_core.verb:set package 'dummy_motion' build argument 'catkin_cmake_args' from command line to 'None'
[0.348s] Level 5:colcon.colcon_core.verb:set package 'dummy_motion' build argument 'catkin_skip_building_tests' from command line to 'False'
[0.348s] DEBUG:colcon.colcon_core.verb:Building package 'dummy_motion' with the following arguments: {'ament_cmake_args': None, 'build_base': '/home/dragonblade316/Programming/robotics/dummy/build_clang/dummy_motion', 'catkin_cmake_args': None, 'catkin_skip_building_tests': False, 'cmake_args': ['-DCMAKE_EXPORT_COMPILE_COMMANDS=ON'], 'cmake_clean_cache': False, 'cmake_clean_first': False, 'cmake_force_configure': False, 'cmake_target': None, 'cmake_target_skip_unavailable': False, 'install_base': '/home/dragonblade316/Programming/robotics/dummy/install_clang/dummy_motion', 'merge_install': False, 'path': '/home/dragonblade316/Programming/robotics/dummy/dummy_motion', 'symlink_install': True, 'test_result_base': None}
[0.348s] Level 5:colcon.colcon_core.verb:set package 'dummy_serial' build argument 'cmake_args' from command line to '['-DCMAKE_EXPORT_COMPILE_COMMANDS=ON']'
[0.348s] Level 5:colcon.colcon_core.verb:set package 'dummy_serial' build argument 'cmake_target' from command line to 'None'
[0.348s] Level 5:colcon.colcon_core.verb:set package 'dummy_serial' build argument 'cmake_target_skip_unavailable' from command line to 'False'
[0.348s] Level 5:colcon.colcon_core.verb:set package 'dummy_serial' build argument 'cmake_clean_cache' from command line to 'False'
[0.348s] Level 5:colcon.colcon_core.verb:set package 'dummy_serial' build argument 'cmake_clean_first' from command line to 'False'
[0.348s] Level 5:colcon.colcon_core.verb:set package 'dummy_serial' build argument 'cmake_force_configure' from command line to 'False'
[0.348s] Level 5:colcon.colcon_core.verb:set package 'dummy_serial' build argument 'ament_cmake_args' from command line to 'None'
[0.348s] Level 5:colcon.colcon_core.verb:set package 'dummy_serial' build argument 'catkin_cmake_args' from command line to 'None'
[0.348s] Level 5:colcon.colcon_core.verb:set package 'dummy_serial' build argument 'catkin_skip_building_tests' from command line to 'False'
[0.348s] DEBUG:colcon.colcon_core.verb:Building package 'dummy_serial' with the following arguments: {'ament_cmake_args': None, 'build_base': '/home/dragonblade316/Programming/robotics/dummy/build_clang/dummy_serial', 'catkin_cmake_args': None, 'catkin_skip_building_tests': False, 'cmake_args': ['-DCMAKE_EXPORT_COMPILE_COMMANDS=ON'], 'cmake_clean_cache': False, 'cmake_clean_first': False, 'cmake_force_configure': False, 'cmake_target': None, 'cmake_target_skip_unavailable': False, 'install_base': '/home/dragonblade316/Programming/robotics/dummy/install_clang/dummy_serial', 'merge_install': False, 'path': '/home/dragonblade316/Programming/robotics/dummy/dummy_serial', 'symlink_install': True, 'test_result_base': None}
[0.348s] Level 5:colcon.colcon_core.verb:set package 'serial' build argument 'cmake_args' from command line to '['-DCMAKE_EXPORT_COMPILE_COMMANDS=ON']'
[0.348s] Level 5:colcon.colcon_core.verb:set package 'serial' build argument 'cmake_target' from command line to 'None'
[0.348s] Level 5:colcon.colcon_core.verb:set package 'serial' build argument 'cmake_target_skip_unavailable' from command line to 'False'
[0.348s] Level 5:colcon.colcon_core.verb:set package 'serial' build argument 'cmake_clean_cache' from command line to 'False'
[0.348s] Level 5:colcon.colcon_core.verb:set package 'serial' build argument 'cmake_clean_first' from command line to 'False'
[0.348s] Level 5:colcon.colcon_core.verb:set package 'serial' build argument 'cmake_force_configure' from command line to 'False'
[0.348s] Level 5:colcon.colcon_core.verb:set package 'serial' build argument 'ament_cmake_args' from command line to 'None'
[0.348s] Level 5:colcon.colcon_core.verb:set package 'serial' build argument 'catkin_cmake_args' from command line to 'None'
[0.348s] Level 5:colcon.colcon_core.verb:set package 'serial' build argument 'catkin_skip_building_tests' from command line to 'False'
[0.348s] DEBUG:colcon.colcon_core.verb:Building package 'serial' with the following arguments: {'ament_cmake_args': None, 'build_base': '/home/dragonblade316/Programming/robotics/dummy/build_clang/serial', 'catkin_cmake_args': None, 'catkin_skip_building_tests': False, 'cmake_args': ['-DCMAKE_EXPORT_COMPILE_COMMANDS=ON'], 'cmake_clean_cache': False, 'cmake_clean_first': False, 'cmake_force_configure': False, 'cmake_target': None, 'cmake_target_skip_unavailable': False, 'install_base': '/home/dragonblade316/Programming/robotics/dummy/install_clang/serial', 'merge_install': False, 'path': '/home/dragonblade316/Programming/robotics/dummy/serial-ros2', 'symlink_install': True, 'test_result_base': None}
[0.349s] Level 5:colcon.colcon_core.verb:set package 'moveit_config' build argument 'cmake_args' from command line to '['-DCMAKE_EXPORT_COMPILE_COMMANDS=ON']'
[0.349s] Level 5:colcon.colcon_core.verb:set package 'moveit_config' build argument 'cmake_target' from command line to 'None'
[0.349s] Level 5:colcon.colcon_core.verb:set package 'moveit_config' build argument 'cmake_target_skip_unavailable' from command line to 'False'
[0.349s] Level 5:colcon.colcon_core.verb:set package 'moveit_config' build argument 'cmake_clean_cache' from command line to 'False'
[0.349s] Level 5:colcon.colcon_core.verb:set package 'moveit_config' build argument 'cmake_clean_first' from command line to 'False'
[0.349s] Level 5:colcon.colcon_core.verb:set package 'moveit_config' build argument 'cmake_force_configure' from command line to 'False'
[0.349s] Level 5:colcon.colcon_core.verb:set package 'moveit_config' build argument 'ament_cmake_args' from command line to 'None'
[0.349s] Level 5:colcon.colcon_core.verb:set package 'moveit_config' build argument 'catkin_cmake_args' from command line to 'None'
[0.349s] Level 5:colcon.colcon_core.verb:set package 'moveit_config' build argument 'catkin_skip_building_tests' from command line to 'False'
[0.349s] DEBUG:colcon.colcon_core.verb:Building package 'moveit_config' with the following arguments: {'ament_cmake_args': None, 'build_base': '/home/dragonblade316/Programming/robotics/dummy/build_clang/moveit_config', 'catkin_cmake_args': None, 'catkin_skip_building_tests': False, 'cmake_args': ['-DCMAKE_EXPORT_COMPILE_COMMANDS=ON'], 'cmake_clean_cache': False, 'cmake_clean_first': False, 'cmake_force_configure': False, 'cmake_target': None, 'cmake_target_skip_unavailable': False, 'install_base': '/home/dragonblade316/Programming/robotics/dummy/install_clang/moveit_config', 'merge_install': False, 'path': '/home/dragonblade316/Programming/robotics/dummy/moveit_config', 'symlink_install': True, 'test_result_base': None}
[0.349s] INFO:colcon.colcon_core.executor:Executing jobs using 'parallel' executor
[0.349s] DEBUG:colcon.colcon_parallel_executor.executor.parallel:run_until_complete
[0.349s] INFO:colcon.colcon_ros.task.ament_cmake.build:Building ROS package in '/home/dragonblade316/Programming/robotics/dummy/dummy_description' with build type 'ament_cmake'
[0.350s] INFO:colcon.colcon_cmake.task.cmake.build:Building CMake package in '/home/dragonblade316/Programming/robotics/dummy/dummy_description'
[0.352s] INFO:colcon.colcon_core.plugin_system:Skipping extension 'colcon_core.shell.bat': Not used on non-Windows systems
[0.352s] INFO:colcon.colcon_core.shell:Skip shell extension 'powershell' for command environment: Not usable outside of PowerShell
[0.352s] DEBUG:colcon.colcon_core.shell:Skip shell extension 'dsv' for command environment
[0.355s] INFO:colcon.colcon_ros.task.ament_cmake.build:Building ROS package in '/home/dragonblade316/Programming/robotics/dummy/dummy_bringup' with build type 'ament_cmake'
[0.355s] INFO:colcon.colcon_cmake.task.cmake.build:Building CMake package in '/home/dragonblade316/Programming/robotics/dummy/dummy_bringup'
[0.355s] INFO:colcon.colcon_core.shell:Skip shell extension 'powershell' for command environment: Not usable outside of PowerShell
[0.355s] DEBUG:colcon.colcon_core.shell:Skip shell extension 'dsv' for command environment
[0.357s] INFO:colcon.colcon_ros.task.ament_cmake.build:Building ROS package in '/home/dragonblade316/Programming/robotics/dummy/dummy_controller' with build type 'ament_cmake'
[0.357s] INFO:colcon.colcon_cmake.task.cmake.build:Building CMake package in '/home/dragonblade316/Programming/robotics/dummy/dummy_controller'
[0.357s] INFO:colcon.colcon_core.shell:Skip shell extension 'powershell' for command environment: Not usable outside of PowerShell
[0.357s] DEBUG:colcon.colcon_core.shell:Skip shell extension 'dsv' for command environment
[0.359s] INFO:colcon.colcon_ros.task.ament_cmake.build:Building ROS package in '/home/dragonblade316/Programming/robotics/dummy/dummy_hardware' with build type 'ament_cmake'
[0.359s] INFO:colcon.colcon_cmake.task.cmake.build:Building CMake package in '/home/dragonblade316/Programming/robotics/dummy/dummy_hardware'
[0.359s] INFO:colcon.colcon_core.shell:Skip shell extension 'powershell' for command environment: Not usable outside of PowerShell
[0.359s] DEBUG:colcon.colcon_core.shell:Skip shell extension 'dsv' for command environment
[0.361s] INFO:colcon.colcon_ros.task.ament_cmake.build:Building ROS package in '/home/dragonblade316/Programming/robotics/dummy/dummy_joy_control' with build type 'ament_cmake'
[0.361s] INFO:colcon.colcon_cmake.task.cmake.build:Building CMake package in '/home/dragonblade316/Programming/robotics/dummy/dummy_joy_control'
[0.361s] INFO:colcon.colcon_core.shell:Skip shell extension 'powershell' for command environment: Not usable outside of PowerShell
[0.361s] DEBUG:colcon.colcon_core.shell:Skip shell extension 'dsv' for command environment
[0.363s] INFO:colcon.colcon_ros.task.ament_cmake.build:Building ROS package in '/home/dragonblade316/Programming/robotics/dummy/dummy_motion' with build type 'ament_cmake'
[0.363s] INFO:colcon.colcon_cmake.task.cmake.build:Building CMake package in '/home/dragonblade316/Programming/robotics/dummy/dummy_motion'
[0.363s] INFO:colcon.colcon_core.shell:Skip shell extension 'powershell' for command environment: Not usable outside of PowerShell
[0.363s] DEBUG:colcon.colcon_core.shell:Skip shell extension 'dsv' for command environment
[0.365s] INFO:colcon.colcon_ros.task.ament_python.build:Building ROS package in '/home/dragonblade316/Programming/robotics/dummy/dummy_serial' with build type 'ament_python'
[0.365s] Level 1:colcon.colcon_core.shell:create_environment_hook('dummy_serial', 'ament_prefix_path')
[0.365s] INFO:colcon.colcon_core.shell:Creating environment hook '/home/dragonblade316/Programming/robotics/dummy/install_clang/dummy_serial/share/dummy_serial/hook/ament_prefix_path.ps1'
[0.365s] INFO:colcon.colcon_core.shell:Creating environment descriptor '/home/dragonblade316/Programming/robotics/dummy/install_clang/dummy_serial/share/dummy_serial/hook/ament_prefix_path.dsv'
[0.365s] INFO:colcon.colcon_core.shell:Creating environment hook '/home/dragonblade316/Programming/robotics/dummy/install_clang/dummy_serial/share/dummy_serial/hook/ament_prefix_path.sh'
[0.366s] INFO:colcon.colcon_core.shell:Skip shell extension 'powershell' for command environment: Not usable outside of PowerShell
[0.366s] DEBUG:colcon.colcon_core.shell:Skip shell extension 'dsv' for command environment
[0.367s] INFO:colcon.colcon_ros.task.ament_cmake.build:Building ROS package in '/home/dragonblade316/Programming/robotics/dummy/serial-ros2' with build type 'ament_cmake'
[0.368s] INFO:colcon.colcon_cmake.task.cmake.build:Building CMake package in '/home/dragonblade316/Programming/robotics/dummy/serial-ros2'
[0.368s] INFO:colcon.colcon_core.shell:Skip shell extension 'powershell' for command environment: Not usable outside of PowerShell
[0.368s] DEBUG:colcon.colcon_core.shell:Skip shell extension 'dsv' for command environment
[0.373s] DEBUG:colcon.colcon_core.event_handler.log_command:Invoking command in '/home/dragonblade316/Programming/robotics/dummy/build_clang/dummy_description': CMAKE_PREFIX_PATH=${CMAKE_PREFIX_PATH}:/home/dragonblade316/Programming/robotics/dummy/install_clang/dummy_serial:/opt/ros/humble /usr/bin/cmake --build /home/dragonblade316/Programming/robotics/dummy/build_clang/dummy_description -- -j20 -l20
[0.375s] DEBUG:colcon.colcon_core.event_handler.log_command:Invoking command in '/home/dragonblade316/Programming/robotics/dummy/build_clang/dummy_bringup': CMAKE_PREFIX_PATH=${CMAKE_PREFIX_PATH}:/home/dragonblade316/Programming/robotics/dummy/install_clang/dummy_serial:/opt/ros/humble /usr/bin/cmake --build /home/dragonblade316/Programming/robotics/dummy/build_clang/dummy_bringup -- -j20 -l20
[0.377s] DEBUG:colcon.colcon_core.event_handler.log_command:Invoking command in '/home/dragonblade316/Programming/robotics/dummy/build_clang/dummy_controller': CMAKE_PREFIX_PATH=${CMAKE_PREFIX_PATH}:/home/dragonblade316/Programming/robotics/dummy/install_clang/dummy_serial:/opt/ros/humble /usr/bin/cmake --build /home/dragonblade316/Programming/robotics/dummy/build_clang/dummy_controller -- -j20 -l20
[0.379s] DEBUG:colcon.colcon_core.event_handler.log_command:Invoking command in '/home/dragonblade316/Programming/robotics/dummy/build_clang/dummy_hardware': CMAKE_PREFIX_PATH=${CMAKE_PREFIX_PATH}:/home/dragonblade316/Programming/robotics/dummy/install_clang/dummy_serial:/opt/ros/humble /usr/bin/cmake --build /home/dragonblade316/Programming/robotics/dummy/build_clang/dummy_hardware -- -j20 -l20
[0.381s] DEBUG:colcon.colcon_core.event_handler.log_command:Invoking command in '/home/dragonblade316/Programming/robotics/dummy/build_clang/dummy_joy_control': CMAKE_PREFIX_PATH=${CMAKE_PREFIX_PATH}:/home/dragonblade316/Programming/robotics/dummy/install_clang/dummy_serial:/opt/ros/humble /usr/bin/cmake --build /home/dragonblade316/Programming/robotics/dummy/build_clang/dummy_joy_control -- -j20 -l20
[0.413s] DEBUG:colcon.colcon_core.event_handler.log_command:Invoking command in '/home/dragonblade316/Programming/robotics/dummy/build_clang/dummy_motion': CMAKE_PREFIX_PATH=${CMAKE_PREFIX_PATH}:/home/dragonblade316/Programming/robotics/dummy/install_clang/dummy_serial:/opt/ros/humble /usr/bin/cmake --build /home/dragonblade316/Programming/robotics/dummy/build_clang/dummy_motion -- -j20 -l20
[0.561s] INFO:colcon.colcon_core.task.python.build:Building Python package in '/home/dragonblade316/Programming/robotics/dummy/dummy_serial'
[0.561s] INFO:colcon.colcon_core.shell:Skip shell extension 'powershell' for command environment: Not usable outside of PowerShell
[0.561s] DEBUG:colcon.colcon_core.shell:Skip shell extension 'dsv' for command environment
[0.566s] DEBUG:colcon.colcon_core.event_handler.log_command:Invoked command in '/home/dragonblade316/Programming/robotics/dummy/build_clang/dummy_motion' returned '0': CMAKE_PREFIX_PATH=${CMAKE_PREFIX_PATH}:/home/dragonblade316/Programming/robotics/dummy/install_clang/dummy_serial:/opt/ros/humble /usr/bin/cmake --build /home/dragonblade316/Programming/robotics/dummy/build_clang/dummy_motion -- -j20 -l20
[0.572s] DEBUG:colcon.colcon_core.event_handler.log_command:Invoking command in '/home/dragonblade316/Programming/robotics/dummy/build_clang/dummy_motion': CMAKE_PREFIX_PATH=${CMAKE_PREFIX_PATH}:/home/dragonblade316/Programming/robotics/dummy/install_clang/dummy_serial:/opt/ros/humble /usr/bin/cmake --install /home/dragonblade316/Programming/robotics/dummy/build_clang/dummy_motion
[0.573s] DEBUG:colcon.colcon_core.event_handler.log_command:Invoked command in '/home/dragonblade316/Programming/robotics/dummy/build_clang/dummy_description' returned '0': CMAKE_PREFIX_PATH=${CMAKE_PREFIX_PATH}:/home/dragonblade316/Programming/robotics/dummy/install_clang/dummy_serial:/opt/ros/humble /usr/bin/cmake --build /home/dragonblade316/Programming/robotics/dummy/build_clang/dummy_description -- -j20 -l20
[0.573s] DEBUG:colcon.colcon_core.event_handler.log_command:Invoking command in '/home/dragonblade316/Programming/robotics/dummy/build_clang/dummy_description': CMAKE_PREFIX_PATH=${CMAKE_PREFIX_PATH}:/home/dragonblade316/Programming/robotics/dummy/install_clang/dummy_serial:/opt/ros/humble /usr/bin/cmake --install /home/dragonblade316/Programming/robotics/dummy/build_clang/dummy_description
[0.573s] DEBUG:colcon.colcon_core.event_handler.log_command:Invoked command in '/home/dragonblade316/Programming/robotics/dummy/build_clang/dummy_bringup' returned '0': CMAKE_PREFIX_PATH=${CMAKE_PREFIX_PATH}:/home/dragonblade316/Programming/robotics/dummy/install_clang/dummy_serial:/opt/ros/humble /usr/bin/cmake --build /home/dragonblade316/Programming/robotics/dummy/build_clang/dummy_bringup -- -j20 -l20
[0.574s] DEBUG:colcon.colcon_core.event_handler.log_command:Invoking command in '/home/dragonblade316/Programming/robotics/dummy/build_clang/dummy_bringup': CMAKE_PREFIX_PATH=${CMAKE_PREFIX_PATH}:/home/dragonblade316/Programming/robotics/dummy/install_clang/dummy_serial:/opt/ros/humble /usr/bin/cmake --install /home/dragonblade316/Programming/robotics/dummy/build_clang/dummy_bringup
[0.574s] DEBUG:colcon.colcon_core.event_handler.log_command:Invoked command in '/home/dragonblade316/Programming/robotics/dummy/build_clang/dummy_joy_control' returned '0': CMAKE_PREFIX_PATH=${CMAKE_PREFIX_PATH}:/home/dragonblade316/Programming/robotics/dummy/install_clang/dummy_serial:/opt/ros/humble /usr/bin/cmake --build /home/dragonblade316/Programming/robotics/dummy/build_clang/dummy_joy_control -- -j20 -l20
[0.575s] DEBUG:colcon.colcon_core.event_handler.log_command:Invoking command in '/home/dragonblade316/Programming/robotics/dummy/build_clang/dummy_joy_control': CMAKE_PREFIX_PATH=${CMAKE_PREFIX_PATH}:/home/dragonblade316/Programming/robotics/dummy/install_clang/dummy_serial:/opt/ros/humble /usr/bin/cmake --install /home/dragonblade316/Programming/robotics/dummy/build_clang/dummy_joy_control
[0.577s] DEBUG:colcon.colcon_core.event_handler.log_command:Invoking command in '/home/dragonblade316/Programming/robotics/dummy/build_clang/serial': CMAKE_PREFIX_PATH=${CMAKE_PREFIX_PATH}:/home/dragonblade316/Programming/robotics/dummy/install_clang/dummy_serial:/opt/ros/humble /usr/bin/cmake --build /home/dragonblade316/Programming/robotics/dummy/build_clang/serial -- -j20 -l20
[0.577s] DEBUG:colcon.colcon_core.event_handler.log_command:Invoked command in '/home/dragonblade316/Programming/robotics/dummy/build_clang/dummy_controller' returned '0': CMAKE_PREFIX_PATH=${CMAKE_PREFIX_PATH}:/home/dragonblade316/Programming/robotics/dummy/install_clang/dummy_serial:/opt/ros/humble /usr/bin/cmake --build /home/dragonblade316/Programming/robotics/dummy/build_clang/dummy_controller -- -j20 -l20
[0.578s] DEBUG:colcon.colcon_core.event_handler.log_command:Invoking command in '/home/dragonblade316/Programming/robotics/dummy/build_clang/dummy_controller': CMAKE_PREFIX_PATH=${CMAKE_PREFIX_PATH}:/home/dragonblade316/Programming/robotics/dummy/install_clang/dummy_serial:/opt/ros/humble /usr/bin/cmake --install /home/dragonblade316/Programming/robotics/dummy/build_clang/dummy_controller
[0.583s] Level 1:colcon.colcon_core.environment:create_environment_scripts_only(dummy_motion)
[0.586s] DEBUG:colcon.colcon_core.event_handler.log_command:Invoked command in '/home/dragonblade316/Programming/robotics/dummy/build_clang/dummy_motion' returned '0': CMAKE_PREFIX_PATH=${CMAKE_PREFIX_PATH}:/home/dragonblade316/Programming/robotics/dummy/install_clang/dummy_serial:/opt/ros/humble /usr/bin/cmake --install /home/dragonblade316/Programming/robotics/dummy/build_clang/dummy_motion
[0.588s] Level 1:colcon.colcon_core.environment:checking '/home/dragonblade316/Programming/robotics/dummy/install_clang/dummy_motion' for CMake module files
[0.588s] Level 1:colcon.colcon_core.environment:checking '/home/dragonblade316/Programming/robotics/dummy/install_clang/dummy_motion' for CMake config files
[0.589s] Level 1:colcon.colcon_core.shell:create_environment_hook('dummy_motion', 'cmake_prefix_path')
[0.589s] INFO:colcon.colcon_core.shell:Creating environment hook '/home/dragonblade316/Programming/robotics/dummy/install_clang/dummy_motion/share/dummy_motion/hook/cmake_prefix_path.ps1'
[0.589s] INFO:colcon.colcon_core.shell:Creating environment descriptor '/home/dragonblade316/Programming/robotics/dummy/install_clang/dummy_motion/share/dummy_motion/hook/cmake_prefix_path.dsv'
[0.589s] INFO:colcon.colcon_core.shell:Creating environment hook '/home/dragonblade316/Programming/robotics/dummy/install_clang/dummy_motion/share/dummy_motion/hook/cmake_prefix_path.sh'
[0.590s] Level 1:colcon.colcon_core.environment:checking '/home/dragonblade316/Programming/robotics/dummy/install_clang/dummy_motion/bin'
[0.590s] Level 1:colcon.colcon_core.environment:checking '/home/dragonblade316/Programming/robotics/dummy/install_clang/dummy_motion/lib/pkgconfig/dummy_motion.pc'
[0.590s] Level 1:colcon.colcon_core.environment:checking '/home/dragonblade316/Programming/robotics/dummy/install_clang/dummy_motion/lib/python3.10/site-packages'
[0.590s] Level 1:colcon.colcon_core.environment:checking '/home/dragonblade316/Programming/robotics/dummy/install_clang/dummy_motion/bin'
[0.590s] INFO:colcon.colcon_core.shell:Creating package script '/home/dragonblade316/Programming/robotics/dummy/install_clang/dummy_motion/share/dummy_motion/package.ps1'
[0.590s] INFO:colcon.colcon_core.shell:Creating package descriptor '/home/dragonblade316/Programming/robotics/dummy/install_clang/dummy_motion/share/dummy_motion/package.dsv'
[0.591s] INFO:colcon.colcon_core.shell:Creating package script '/home/dragonblade316/Programming/robotics/dummy/install_clang/dummy_motion/share/dummy_motion/package.sh'
[0.591s] INFO:colcon.colcon_core.shell:Creating package script '/home/dragonblade316/Programming/robotics/dummy/install_clang/dummy_motion/share/dummy_motion/package.bash'
[0.592s] INFO:colcon.colcon_core.shell:Creating package script '/home/dragonblade316/Programming/robotics/dummy/install_clang/dummy_motion/share/dummy_motion/package.zsh'
[0.592s] Level 1:colcon.colcon_core.environment:create_file_with_runtime_dependencies(/home/dragonblade316/Programming/robotics/dummy/install_clang/dummy_motion/share/colcon-core/packages/dummy_motion)
[0.592s] Level 1:colcon.colcon_core.environment:create_environment_scripts_only(dummy_motion)
[0.592s] Level 1:colcon.colcon_core.environment:checking '/home/dragonblade316/Programming/robotics/dummy/install_clang/dummy_motion' for CMake module files
[0.592s] Level 1:colcon.colcon_core.environment:checking '/home/dragonblade316/Programming/robotics/dummy/install_clang/dummy_motion' for CMake config files
[0.592s] Level 1:colcon.colcon_core.shell:create_environment_hook('dummy_motion', 'cmake_prefix_path')
[0.593s] INFO:colcon.colcon_core.shell:Creating environment hook '/home/dragonblade316/Programming/robotics/dummy/install_clang/dummy_motion/share/dummy_motion/hook/cmake_prefix_path.ps1'
[0.593s] INFO:colcon.colcon_core.shell:Creating environment descriptor '/home/dragonblade316/Programming/robotics/dummy/install_clang/dummy_motion/share/dummy_motion/hook/cmake_prefix_path.dsv'
[0.593s] INFO:colcon.colcon_core.shell:Creating environment hook '/home/dragonblade316/Programming/robotics/dummy/install_clang/dummy_motion/share/dummy_motion/hook/cmake_prefix_path.sh'
[0.593s] Level 1:colcon.colcon_core.environment:checking '/home/dragonblade316/Programming/robotics/dummy/install_clang/dummy_motion/bin'
[0.593s] Level 1:colcon.colcon_core.environment:checking '/home/dragonblade316/Programming/robotics/dummy/install_clang/dummy_motion/lib/pkgconfig/dummy_motion.pc'
[0.593s] Level 1:colcon.colcon_core.environment:checking '/home/dragonblade316/Programming/robotics/dummy/install_clang/dummy_motion/lib/python3.10/site-packages'
[0.593s] Level 1:colcon.colcon_core.environment:checking '/home/dragonblade316/Programming/robotics/dummy/install_clang/dummy_motion/bin'
[0.593s] INFO:colcon.colcon_core.shell:Creating package script '/home/dragonblade316/Programming/robotics/dummy/install_clang/dummy_motion/share/dummy_motion/package.ps1'
[0.594s] INFO:colcon.colcon_core.shell:Creating package descriptor '/home/dragonblade316/Programming/robotics/dummy/install_clang/dummy_motion/share/dummy_motion/package.dsv'
[0.594s] INFO:colcon.colcon_core.shell:Creating package script '/home/dragonblade316/Programming/robotics/dummy/install_clang/dummy_motion/share/dummy_motion/package.sh'
[0.594s] INFO:colcon.colcon_core.shell:Creating package script '/home/dragonblade316/Programming/robotics/dummy/install_clang/dummy_motion/share/dummy_motion/package.bash'
[0.594s] INFO:colcon.colcon_core.shell:Creating package script '/home/dragonblade316/Programming/robotics/dummy/install_clang/dummy_motion/share/dummy_motion/package.zsh'
[0.594s] Level 1:colcon.colcon_core.environment:create_file_with_runtime_dependencies(/home/dragonblade316/Programming/robotics/dummy/install_clang/dummy_motion/share/colcon-core/packages/dummy_motion)
[0.595s] Level 1:colcon.colcon_core.environment:create_environment_scripts_only(dummy_controller)
[0.595s] Level 1:colcon.colcon_core.environment:checking '/home/dragonblade316/Programming/robotics/dummy/install_clang/dummy_controller' for CMake module files
[0.596s] DEBUG:colcon.colcon_core.event_handler.log_command:Invoked command in '/home/dragonblade316/Programming/robotics/dummy/build_clang/dummy_controller' returned '0': CMAKE_PREFIX_PATH=${CMAKE_PREFIX_PATH}:/home/dragonblade316/Programming/robotics/dummy/install_clang/dummy_serial:/opt/ros/humble /usr/bin/cmake --install /home/dragonblade316/Programming/robotics/dummy/build_clang/dummy_controller
[0.596s] Level 1:colcon.colcon_core.environment:checking '/home/dragonblade316/Programming/robotics/dummy/install_clang/dummy_controller' for CMake config files
[0.596s] Level 1:colcon.colcon_core.shell:create_environment_hook('dummy_controller', 'cmake_prefix_path')
[0.596s] INFO:colcon.colcon_core.shell:Creating environment hook '/home/dragonblade316/Programming/robotics/dummy/install_clang/dummy_controller/share/dummy_controller/hook/cmake_prefix_path.ps1'
[0.596s] INFO:colcon.colcon_core.shell:Creating environment descriptor '/home/dragonblade316/Programming/robotics/dummy/install_clang/dummy_controller/share/dummy_controller/hook/cmake_prefix_path.dsv'
[0.596s] INFO:colcon.colcon_core.shell:Creating environment hook '/home/dragonblade316/Programming/robotics/dummy/install_clang/dummy_controller/share/dummy_controller/hook/cmake_prefix_path.sh'
[0.597s] Level 1:colcon.colcon_core.environment:checking '/home/dragonblade316/Programming/robotics/dummy/install_clang/dummy_controller/lib'
[0.597s] Level 1:colcon.colcon_core.environment:checking '/home/dragonblade316/Programming/robotics/dummy/install_clang/dummy_controller/bin'
[0.597s] Level 1:colcon.colcon_core.environment:checking '/home/dragonblade316/Programming/robotics/dummy/install_clang/dummy_controller/lib/pkgconfig/dummy_controller.pc'
[0.597s] Level 1:colcon.colcon_core.environment:checking '/home/dragonblade316/Programming/robotics/dummy/install_clang/dummy_controller/lib/python3.10/site-packages'
[0.597s] Level 1:colcon.colcon_core.environment:checking '/home/dragonblade316/Programming/robotics/dummy/install_clang/dummy_controller/bin'
[0.597s] INFO:colcon.colcon_core.shell:Creating package script '/home/dragonblade316/Programming/robotics/dummy/install_clang/dummy_controller/share/dummy_controller/package.ps1'
[0.597s] INFO:colcon.colcon_core.shell:Creating package descriptor '/home/dragonblade316/Programming/robotics/dummy/install_clang/dummy_controller/share/dummy_controller/package.dsv'
[0.597s] INFO:colcon.colcon_core.shell:Creating package script '/home/dragonblade316/Programming/robotics/dummy/install_clang/dummy_controller/share/dummy_controller/package.sh'
[0.598s] INFO:colcon.colcon_core.shell:Creating package script '/home/dragonblade316/Programming/robotics/dummy/install_clang/dummy_controller/share/dummy_controller/package.bash'
[0.598s] INFO:colcon.colcon_core.shell:Creating package script '/home/dragonblade316/Programming/robotics/dummy/install_clang/dummy_controller/share/dummy_controller/package.zsh'
[0.598s] Level 1:colcon.colcon_core.environment:create_file_with_runtime_dependencies(/home/dragonblade316/Programming/robotics/dummy/install_clang/dummy_controller/share/colcon-core/packages/dummy_controller)
[0.598s] Level 1:colcon.colcon_core.environment:create_environment_scripts_only(dummy_controller)
[0.598s] Level 1:colcon.colcon_core.environment:checking '/home/dragonblade316/Programming/robotics/dummy/install_clang/dummy_controller' for CMake module files
[0.598s] Level 1:colcon.colcon_core.environment:checking '/home/dragonblade316/Programming/robotics/dummy/install_clang/dummy_controller' for CMake config files
[0.598s] Level 1:colcon.colcon_core.shell:create_environment_hook('dummy_controller', 'cmake_prefix_path')
[0.599s] INFO:colcon.colcon_core.shell:Creating environment hook '/home/dragonblade316/Programming/robotics/dummy/install_clang/dummy_controller/share/dummy_controller/hook/cmake_prefix_path.ps1'
[0.599s] INFO:colcon.colcon_core.shell:Creating environment descriptor '/home/dragonblade316/Programming/robotics/dummy/install_clang/dummy_controller/share/dummy_controller/hook/cmake_prefix_path.dsv'
[0.599s] INFO:colcon.colcon_core.shell:Creating environment hook '/home/dragonblade316/Programming/robotics/dummy/install_clang/dummy_controller/share/dummy_controller/hook/cmake_prefix_path.sh'
[0.599s] Level 1:colcon.colcon_core.environment:checking '/home/dragonblade316/Programming/robotics/dummy/install_clang/dummy_controller/lib'
[0.599s] Level 1:colcon.colcon_core.environment:checking '/home/dragonblade316/Programming/robotics/dummy/install_clang/dummy_controller/bin'
[0.599s] Level 1:colcon.colcon_core.environment:checking '/home/dragonblade316/Programming/robotics/dummy/install_clang/dummy_controller/lib/pkgconfig/dummy_controller.pc'
[0.599s] Level 1:colcon.colcon_core.environment:checking '/home/dragonblade316/Programming/robotics/dummy/install_clang/dummy_controller/lib/python3.10/site-packages'
[0.599s] Level 1:colcon.colcon_core.environment:checking '/home/dragonblade316/Programming/robotics/dummy/install_clang/dummy_controller/bin'
[0.599s] INFO:colcon.colcon_core.shell:Creating package script '/home/dragonblade316/Programming/robotics/dummy/install_clang/dummy_controller/share/dummy_controller/package.ps1'
[0.600s] INFO:colcon.colcon_core.shell:Creating package descriptor '/home/dragonblade316/Programming/robotics/dummy/install_clang/dummy_controller/share/dummy_controller/package.dsv'
[0.600s] INFO:colcon.colcon_core.shell:Creating package script '/home/dragonblade316/Programming/robotics/dummy/install_clang/dummy_controller/share/dummy_controller/package.sh'
[0.600s] INFO:colcon.colcon_core.shell:Creating package script '/home/dragonblade316/Programming/robotics/dummy/install_clang/dummy_controller/share/dummy_controller/package.bash'
[0.600s] INFO:colcon.colcon_core.shell:Creating package script '/home/dragonblade316/Programming/robotics/dummy/install_clang/dummy_controller/share/dummy_controller/package.zsh'
[0.600s] Level 1:colcon.colcon_core.environment:create_file_with_runtime_dependencies(/home/dragonblade316/Programming/robotics/dummy/install_clang/dummy_controller/share/colcon-core/packages/dummy_controller)
[0.600s] Level 1:colcon.colcon_core.environment:create_environment_scripts_only(dummy_joy_control)
[0.601s] Level 1:colcon.colcon_core.environment:checking '/home/dragonblade316/Programming/robotics/dummy/install_clang/dummy_joy_control' for CMake module files
[0.601s] DEBUG:colcon.colcon_core.event_handler.log_command:Invoked command in '/home/dragonblade316/Programming/robotics/dummy/build_clang/dummy_joy_control' returned '0': CMAKE_PREFIX_PATH=${CMAKE_PREFIX_PATH}:/home/dragonblade316/Programming/robotics/dummy/install_clang/dummy_serial:/opt/ros/humble /usr/bin/cmake --install /home/dragonblade316/Programming/robotics/dummy/build_clang/dummy_joy_control
[0.601s] Level 1:colcon.colcon_core.environment:checking '/home/dragonblade316/Programming/robotics/dummy/install_clang/dummy_joy_control' for CMake config files
[0.601s] Level 1:colcon.colcon_core.shell:create_environment_hook('dummy_joy_control', 'cmake_prefix_path')
[0.601s] INFO:colcon.colcon_core.shell:Creating environment hook '/home/dragonblade316/Programming/robotics/dummy/install_clang/dummy_joy_control/share/dummy_joy_control/hook/cmake_prefix_path.ps1'
[0.601s] INFO:colcon.colcon_core.shell:Creating environment descriptor '/home/dragonblade316/Programming/robotics/dummy/install_clang/dummy_joy_control/share/dummy_joy_control/hook/cmake_prefix_path.dsv'
[0.602s] INFO:colcon.colcon_core.shell:Creating environment hook '/home/dragonblade316/Programming/robotics/dummy/install_clang/dummy_joy_control/share/dummy_joy_control/hook/cmake_prefix_path.sh'
[0.602s] Level 1:colcon.colcon_core.environment:checking '/home/dragonblade316/Programming/robotics/dummy/install_clang/dummy_joy_control/lib'
[0.602s] Level 1:colcon.colcon_core.environment:checking '/home/dragonblade316/Programming/robotics/dummy/install_clang/dummy_joy_control/bin'
[0.602s] Level 1:colcon.colcon_core.environment:checking '/home/dragonblade316/Programming/robotics/dummy/install_clang/dummy_joy_control/lib/pkgconfig/dummy_joy_control.pc'
[0.602s] Level 1:colcon.colcon_core.environment:checking '/home/dragonblade316/Programming/robotics/dummy/install_clang/dummy_joy_control/lib/python3.10/site-packages'
[0.602s] Level 1:colcon.colcon_core.environment:checking '/home/dragonblade316/Programming/robotics/dummy/install_clang/dummy_joy_control/bin'
[0.602s] INFO:colcon.colcon_core.shell:Creating package script '/home/dragonblade316/Programming/robotics/dummy/install_clang/dummy_joy_control/share/dummy_joy_control/package.ps1'
[0.602s] INFO:colcon.colcon_core.shell:Creating package descriptor '/home/dragonblade316/Programming/robotics/dummy/install_clang/dummy_joy_control/share/dummy_joy_control/package.dsv'
[0.603s] INFO:colcon.colcon_core.shell:Creating package script '/home/dragonblade316/Programming/robotics/dummy/install_clang/dummy_joy_control/share/dummy_joy_control/package.sh'
[0.603s] INFO:colcon.colcon_core.shell:Creating package script '/home/dragonblade316/Programming/robotics/dummy/install_clang/dummy_joy_control/share/dummy_joy_control/package.bash'
[0.603s] INFO:colcon.colcon_core.shell:Creating package script '/home/dragonblade316/Programming/robotics/dummy/install_clang/dummy_joy_control/share/dummy_joy_control/package.zsh'
[0.603s] Level 1:colcon.colcon_core.environment:create_file_with_runtime_dependencies(/home/dragonblade316/Programming/robotics/dummy/install_clang/dummy_joy_control/share/colcon-core/packages/dummy_joy_control)
[0.603s] Level 1:colcon.colcon_core.environment:create_environment_scripts_only(dummy_joy_control)
[0.603s] Level 1:colcon.colcon_core.environment:checking '/home/dragonblade316/Programming/robotics/dummy/install_clang/dummy_joy_control' for CMake module files
[0.603s] Level 1:colcon.colcon_core.environment:checking '/home/dragonblade316/Programming/robotics/dummy/install_clang/dummy_joy_control' for CMake config files
[0.604s] Level 1:colcon.colcon_core.shell:create_environment_hook('dummy_joy_control', 'cmake_prefix_path')
[0.604s] INFO:colcon.colcon_core.shell:Creating environment hook '/home/dragonblade316/Programming/robotics/dummy/install_clang/dummy_joy_control/share/dummy_joy_control/hook/cmake_prefix_path.ps1'
[0.604s] INFO:colcon.colcon_core.shell:Creating environment descriptor '/home/dragonblade316/Programming/robotics/dummy/install_clang/dummy_joy_control/share/dummy_joy_control/hook/cmake_prefix_path.dsv'
[0.604s] INFO:colcon.colcon_core.shell:Creating environment hook '/home/dragonblade316/Programming/robotics/dummy/install_clang/dummy_joy_control/share/dummy_joy_control/hook/cmake_prefix_path.sh'
[0.604s] Level 1:colcon.colcon_core.environment:checking '/home/dragonblade316/Programming/robotics/dummy/install_clang/dummy_joy_control/lib'
[0.604s] Level 1:colcon.colcon_core.environment:checking '/home/dragonblade316/Programming/robotics/dummy/install_clang/dummy_joy_control/bin'
[0.604s] Level 1:colcon.colcon_core.environment:checking '/home/dragonblade316/Programming/robotics/dummy/install_clang/dummy_joy_control/lib/pkgconfig/dummy_joy_control.pc'
[0.604s] Level 1:colcon.colcon_core.environment:checking '/home/dragonblade316/Programming/robotics/dummy/install_clang/dummy_joy_control/lib/python3.10/site-packages'
[0.604s] Level 1:colcon.colcon_core.environment:checking '/home/dragonblade316/Programming/robotics/dummy/install_clang/dummy_joy_control/bin'
[0.604s] INFO:colcon.colcon_core.shell:Creating package script '/home/dragonblade316/Programming/robotics/dummy/install_clang/dummy_joy_control/share/dummy_joy_control/package.ps1'
[0.605s] INFO:colcon.colcon_core.shell:Creating package descriptor '/home/dragonblade316/Programming/robotics/dummy/install_clang/dummy_joy_control/share/dummy_joy_control/package.dsv'
[0.605s] INFO:colcon.colcon_core.shell:Creating package script '/home/dragonblade316/Programming/robotics/dummy/install_clang/dummy_joy_control/share/dummy_joy_control/package.sh'
[0.605s] INFO:colcon.colcon_core.shell:Creating package script '/home/dragonblade316/Programming/robotics/dummy/install_clang/dummy_joy_control/share/dummy_joy_control/package.bash'
[0.605s] INFO:colcon.colcon_core.shell:Creating package script '/home/dragonblade316/Programming/robotics/dummy/install_clang/dummy_joy_control/share/dummy_joy_control/package.zsh'
[0.605s] Level 1:colcon.colcon_core.environment:create_file_with_runtime_dependencies(/home/dragonblade316/Programming/robotics/dummy/install_clang/dummy_joy_control/share/colcon-core/packages/dummy_joy_control)
[0.605s] Level 1:colcon.colcon_core.environment:create_environment_scripts_only(dummy_description)
[0.605s] Level 1:colcon.colcon_core.environment:checking '/home/dragonblade316/Programming/robotics/dummy/install_clang/dummy_description' for CMake module files
[0.606s] DEBUG:colcon.colcon_core.event_handler.log_command:Invoked command in '/home/dragonblade316/Programming/robotics/dummy/build_clang/dummy_description' returned '0': CMAKE_PREFIX_PATH=${CMAKE_PREFIX_PATH}:/home/dragonblade316/Programming/robotics/dummy/install_clang/dummy_serial:/opt/ros/humble /usr/bin/cmake --install /home/dragonblade316/Programming/robotics/dummy/build_clang/dummy_description
[0.606s] Level 1:colcon.colcon_core.environment:checking '/home/dragonblade316/Programming/robotics/dummy/install_clang/dummy_description' for CMake config files
[0.606s] Level 1:colcon.colcon_core.shell:create_environment_hook('dummy_description', 'cmake_prefix_path')
[0.606s] INFO:colcon.colcon_core.shell:Creating environment hook '/home/dragonblade316/Programming/robotics/dummy/install_clang/dummy_description/share/dummy_description/hook/cmake_prefix_path.ps1'
[0.606s] INFO:colcon.colcon_core.shell:Creating environment descriptor '/home/dragonblade316/Programming/robotics/dummy/install_clang/dummy_description/share/dummy_description/hook/cmake_prefix_path.dsv'
[0.606s] INFO:colcon.colcon_core.shell:Creating environment hook '/home/dragonblade316/Programming/robotics/dummy/install_clang/dummy_description/share/dummy_description/hook/cmake_prefix_path.sh'
[0.607s] Level 1:colcon.colcon_core.environment:checking '/home/dragonblade316/Programming/robotics/dummy/install_clang/dummy_description/bin'
[0.607s] Level 1:colcon.colcon_core.environment:checking '/home/dragonblade316/Programming/robotics/dummy/install_clang/dummy_description/lib/pkgconfig/dummy_description.pc'
[0.607s] Level 1:colcon.colcon_core.environment:checking '/home/dragonblade316/Programming/robotics/dummy/install_clang/dummy_description/lib/python3.10/site-packages'
[0.607s] Level 1:colcon.colcon_core.environment:checking '/home/dragonblade316/Programming/robotics/dummy/install_clang/dummy_description/bin'
[0.607s] INFO:colcon.colcon_core.shell:Creating package script '/home/dragonblade316/Programming/robotics/dummy/install_clang/dummy_description/share/dummy_description/package.ps1'
[0.607s] INFO:colcon.colcon_core.shell:Creating package descriptor '/home/dragonblade316/Programming/robotics/dummy/install_clang/dummy_description/share/dummy_description/package.dsv'
[0.607s] INFO:colcon.colcon_core.shell:Creating package script '/home/dragonblade316/Programming/robotics/dummy/install_clang/dummy_description/share/dummy_description/package.sh'
[0.607s] INFO:colcon.colcon_core.shell:Creating package script '/home/dragonblade316/Programming/robotics/dummy/install_clang/dummy_description/share/dummy_description/package.bash'
[0.608s] INFO:colcon.colcon_core.shell:Creating package script '/home/dragonblade316/Programming/robotics/dummy/install_clang/dummy_description/share/dummy_description/package.zsh'
[0.608s] Level 1:colcon.colcon_core.environment:create_file_with_runtime_dependencies(/home/dragonblade316/Programming/robotics/dummy/install_clang/dummy_description/share/colcon-core/packages/dummy_description)
[0.608s] Level 1:colcon.colcon_core.environment:create_environment_scripts_only(dummy_description)
[0.608s] Level 1:colcon.colcon_core.environment:checking '/home/dragonblade316/Programming/robotics/dummy/install_clang/dummy_description' for CMake module files
[0.608s] Level 1:colcon.colcon_core.environment:checking '/home/dragonblade316/Programming/robotics/dummy/install_clang/dummy_description' for CMake config files
[0.608s] Level 1:colcon.colcon_core.shell:create_environment_hook('dummy_description', 'cmake_prefix_path')
[0.608s] INFO:colcon.colcon_core.shell:Creating environment hook '/home/dragonblade316/Programming/robotics/dummy/install_clang/dummy_description/share/dummy_description/hook/cmake_prefix_path.ps1'
[0.609s] INFO:colcon.colcon_core.shell:Creating environment descriptor '/home/dragonblade316/Programming/robotics/dummy/install_clang/dummy_description/share/dummy_description/hook/cmake_prefix_path.dsv'
[0.609s] INFO:colcon.colcon_core.shell:Creating environment hook '/home/dragonblade316/Programming/robotics/dummy/install_clang/dummy_description/share/dummy_description/hook/cmake_prefix_path.sh'
[0.609s] Level 1:colcon.colcon_core.environment:checking '/home/dragonblade316/Programming/robotics/dummy/install_clang/dummy_description/bin'
[0.609s] Level 1:colcon.colcon_core.environment:checking '/home/dragonblade316/Programming/robotics/dummy/install_clang/dummy_description/lib/pkgconfig/dummy_description.pc'
[0.609s] Level 1:colcon.colcon_core.environment:checking '/home/dragonblade316/Programming/robotics/dummy/install_clang/dummy_description/lib/python3.10/site-packages'
[0.609s] Level 1:colcon.colcon_core.environment:checking '/home/dragonblade316/Programming/robotics/dummy/install_clang/dummy_description/bin'
[0.609s] INFO:colcon.colcon_core.shell:Creating package script '/home/dragonblade316/Programming/robotics/dummy/install_clang/dummy_description/share/dummy_description/package.ps1'
[0.610s] INFO:colcon.colcon_core.shell:Creating package descriptor '/home/dragonblade316/Programming/robotics/dummy/install_clang/dummy_description/share/dummy_description/package.dsv'
[0.610s] INFO:colcon.colcon_core.shell:Creating package script '/home/dragonblade316/Programming/robotics/dummy/install_clang/dummy_description/share/dummy_description/package.sh'
[0.610s] INFO:colcon.colcon_core.shell:Creating package script '/home/dragonblade316/Programming/robotics/dummy/install_clang/dummy_description/share/dummy_description/package.bash'
[0.610s] INFO:colcon.colcon_core.shell:Creating package script '/home/dragonblade316/Programming/robotics/dummy/install_clang/dummy_description/share/dummy_description/package.zsh'
[0.610s] Level 1:colcon.colcon_core.environment:create_file_with_runtime_dependencies(/home/dragonblade316/Programming/robotics/dummy/install_clang/dummy_description/share/colcon-core/packages/dummy_description)
[0.610s] Level 1:colcon.colcon_core.environment:create_environment_scripts_only(dummy_bringup)
[0.610s] Level 1:colcon.colcon_core.environment:checking '/home/dragonblade316/Programming/robotics/dummy/install_clang/dummy_bringup' for CMake module files
[0.611s] DEBUG:colcon.colcon_core.event_handler.log_command:Invoked command in '/home/dragonblade316/Programming/robotics/dummy/build_clang/dummy_bringup' returned '0': CMAKE_PREFIX_PATH=${CMAKE_PREFIX_PATH}:/home/dragonblade316/Programming/robotics/dummy/install_clang/dummy_serial:/opt/ros/humble /usr/bin/cmake --install /home/dragonblade316/Programming/robotics/dummy/build_clang/dummy_bringup
[0.611s] Level 1:colcon.colcon_core.environment:checking '/home/dragonblade316/Programming/robotics/dummy/install_clang/dummy_bringup' for CMake config files
[0.612s] Level 1:colcon.colcon_core.shell:create_environment_hook('dummy_bringup', 'cmake_prefix_path')
[0.612s] INFO:colcon.colcon_core.shell:Creating environment hook '/home/dragonblade316/Programming/robotics/dummy/install_clang/dummy_bringup/share/dummy_bringup/hook/cmake_prefix_path.ps1'
[0.612s] INFO:colcon.colcon_core.shell:Creating environment descriptor '/home/dragonblade316/Programming/robotics/dummy/install_clang/dummy_bringup/share/dummy_bringup/hook/cmake_prefix_path.dsv'
[0.613s] INFO:colcon.colcon_core.shell:Creating environment hook '/home/dragonblade316/Programming/robotics/dummy/install_clang/dummy_bringup/share/dummy_bringup/hook/cmake_prefix_path.sh'
[0.613s] Level 1:colcon.colcon_core.environment:checking '/home/dragonblade316/Programming/robotics/dummy/install_clang/dummy_bringup/bin'
[0.613s] Level 1:colcon.colcon_core.environment:checking '/home/dragonblade316/Programming/robotics/dummy/install_clang/dummy_bringup/lib/pkgconfig/dummy_bringup.pc'
[0.613s] Level 1:colcon.colcon_core.environment:checking '/home/dragonblade316/Programming/robotics/dummy/install_clang/dummy_bringup/lib/python3.10/site-packages'
[0.613s] Level 1:colcon.colcon_core.environment:checking '/home/dragonblade316/Programming/robotics/dummy/install_clang/dummy_bringup/bin'
[0.613s] INFO:colcon.colcon_core.shell:Creating package script '/home/dragonblade316/Programming/robotics/dummy/install_clang/dummy_bringup/share/dummy_bringup/package.ps1'
[0.613s] INFO:colcon.colcon_core.shell:Creating package descriptor '/home/dragonblade316/Programming/robotics/dummy/install_clang/dummy_bringup/share/dummy_bringup/package.dsv'
[0.613s] INFO:colcon.colcon_core.shell:Creating package script '/home/dragonblade316/Programming/robotics/dummy/install_clang/dummy_bringup/share/dummy_bringup/package.sh'
[0.614s] INFO:colcon.colcon_core.shell:Creating package script '/home/dragonblade316/Programming/robotics/dummy/install_clang/dummy_bringup/share/dummy_bringup/package.bash'
[0.614s] INFO:colcon.colcon_core.shell:Creating package script '/home/dragonblade316/Programming/robotics/dummy/install_clang/dummy_bringup/share/dummy_bringup/package.zsh'
[0.614s] Level 1:colcon.colcon_core.environment:create_file_with_runtime_dependencies(/home/dragonblade316/Programming/robotics/dummy/install_clang/dummy_bringup/share/colcon-core/packages/dummy_bringup)
[0.614s] Level 1:colcon.colcon_core.environment:create_environment_scripts_only(dummy_bringup)
[0.614s] Level 1:colcon.colcon_core.environment:checking '/home/dragonblade316/Programming/robotics/dummy/install_clang/dummy_bringup' for CMake module files
[0.614s] Level 1:colcon.colcon_core.environment:checking '/home/dragonblade316/Programming/robotics/dummy/install_clang/dummy_bringup' for CMake config files
[0.614s] Level 1:colcon.colcon_core.shell:create_environment_hook('dummy_bringup', 'cmake_prefix_path')
[0.615s] INFO:colcon.colcon_core.shell:Creating environment hook '/home/dragonblade316/Programming/robotics/dummy/install_clang/dummy_bringup/share/dummy_bringup/hook/cmake_prefix_path.ps1'
[0.615s] INFO:colcon.colcon_core.shell:Creating environment descriptor '/home/dragonblade316/Programming/robotics/dummy/install_clang/dummy_bringup/share/dummy_bringup/hook/cmake_prefix_path.dsv'
[0.615s] INFO:colcon.colcon_core.shell:Creating environment hook '/home/dragonblade316/Programming/robotics/dummy/install_clang/dummy_bringup/share/dummy_bringup/hook/cmake_prefix_path.sh'
[0.615s] Level 1:colcon.colcon_core.environment:checking '/home/dragonblade316/Programming/robotics/dummy/install_clang/dummy_bringup/bin'
[0.615s] Level 1:colcon.colcon_core.environment:checking '/home/dragonblade316/Programming/robotics/dummy/install_clang/dummy_bringup/lib/pkgconfig/dummy_bringup.pc'
[0.615s] Level 1:colcon.colcon_core.environment:checking '/home/dragonblade316/Programming/robotics/dummy/install_clang/dummy_bringup/lib/python3.10/site-packages'
[0.615s] Level 1:colcon.colcon_core.environment:checking '/home/dragonblade316/Programming/robotics/dummy/install_clang/dummy_bringup/bin'
[0.615s] INFO:colcon.colcon_core.shell:Creating package script '/home/dragonblade316/Programming/robotics/dummy/install_clang/dummy_bringup/share/dummy_bringup/package.ps1'
[0.616s] INFO:colcon.colcon_core.shell:Creating package descriptor '/home/dragonblade316/Programming/robotics/dummy/install_clang/dummy_bringup/share/dummy_bringup/package.dsv'
[0.616s] INFO:colcon.colcon_core.shell:Creating package script '/home/dragonblade316/Programming/robotics/dummy/install_clang/dummy_bringup/share/dummy_bringup/package.sh'
[0.616s] INFO:colcon.colcon_core.shell:Creating package script '/home/dragonblade316/Programming/robotics/dummy/install_clang/dummy_bringup/share/dummy_bringup/package.bash'
[0.616s] INFO:colcon.colcon_core.shell:Creating package script '/home/dragonblade316/Programming/robotics/dummy/install_clang/dummy_bringup/share/dummy_bringup/package.zsh'
[0.616s] Level 1:colcon.colcon_core.environment:create_file_with_runtime_dependencies(/home/dragonblade316/Programming/robotics/dummy/install_clang/dummy_bringup/share/colcon-core/packages/dummy_bringup)
[0.616s] INFO:colcon.colcon_ros.task.ament_cmake.build:Building ROS package in '/home/dragonblade316/Programming/robotics/dummy/moveit_config' with build type 'ament_cmake'
[0.617s] INFO:colcon.colcon_cmake.task.cmake.build:Building CMake package in '/home/dragonblade316/Programming/robotics/dummy/moveit_config'
[0.617s] INFO:colcon.colcon_core.shell:Skip shell extension 'powershell' for command environment: Not usable outside of PowerShell
[0.617s] DEBUG:colcon.colcon_core.shell:Skip shell extension 'dsv' for command environment
[0.620s] DEBUG:colcon.colcon_core.event_handler.log_command:Invoked command in '/home/dragonblade316/Programming/robotics/dummy/build_clang/serial' returned '0': CMAKE_PREFIX_PATH=${CMAKE_PREFIX_PATH}:/home/dragonblade316/Programming/robotics/dummy/install_clang/dummy_serial:/opt/ros/humble /usr/bin/cmake --build /home/dragonblade316/Programming/robotics/dummy/build_clang/serial -- -j20 -l20
[0.621s] DEBUG:colcon.colcon_core.event_handler.log_command:Invoking command in '/home/dragonblade316/Programming/robotics/dummy/build_clang/serial': CMAKE_PREFIX_PATH=${CMAKE_PREFIX_PATH}:/home/dragonblade316/Programming/robotics/dummy/install_clang/dummy_serial:/opt/ros/humble /usr/bin/cmake --install /home/dragonblade316/Programming/robotics/dummy/build_clang/serial
[0.623s] DEBUG:colcon.colcon_core.event_handler.log_command:Invoking command in '/home/dragonblade316/Programming/robotics/dummy/build_clang/moveit_config': CMAKE_PREFIX_PATH=/home/dragonblade316/Programming/robotics/dummy/install_clang/dummy_description:/home/dragonblade316/Programming/robotics/dummy/install_clang/serial:/home/dragonblade316/Programming/robotics/dummy/install_clang/moveit_config:/home/dragonblade316/Programming/robotics/dummy/install_clang/dummy_motion:/home/dragonblade316/Programming/robotics/dummy/install_clang/dummy_joy_control:/home/dragonblade316/Programming/robotics/dummy/install_clang/dummy_hardware:/home/dragonblade316/Programming/robotics/dummy/install_clang/dummy_controller:/home/dragonblade316/Programming/robotics/dummy/install_clang/dummy_bringup:/home/dragonblade316/Programming/robotics/dummy/install_clang/dummy_serial:/opt/ros/humble /usr/bin/cmake --build /home/dragonblade316/Programming/robotics/dummy/build_clang/moveit_config -- -j20 -l20
[0.634s] Level 1:colcon.colcon_core.environment:create_environment_scripts_only(serial)
[0.634s] Level 1:colcon.colcon_core.environment:checking '/home/dragonblade316/Programming/robotics/dummy/install_clang/serial' for CMake module files
[0.634s] DEBUG:colcon.colcon_core.event_handler.log_command:Invoked command in '/home/dragonblade316/Programming/robotics/dummy/build_clang/serial' returned '0': CMAKE_PREFIX_PATH=${CMAKE_PREFIX_PATH}:/home/dragonblade316/Programming/robotics/dummy/install_clang/dummy_serial:/opt/ros/humble /usr/bin/cmake --install /home/dragonblade316/Programming/robotics/dummy/build_clang/serial
[0.634s] Level 1:colcon.colcon_core.environment:checking '/home/dragonblade316/Programming/robotics/dummy/install_clang/serial' for CMake config files
[0.635s] Level 1:colcon.colcon_core.shell:create_environment_hook('serial', 'cmake_prefix_path')
[0.635s] INFO:colcon.colcon_core.shell:Creating environment hook '/home/dragonblade316/Programming/robotics/dummy/install_clang/serial/share/serial/hook/cmake_prefix_path.ps1'
[0.635s] INFO:colcon.colcon_core.shell:Creating environment descriptor '/home/dragonblade316/Programming/robotics/dummy/install_clang/serial/share/serial/hook/cmake_prefix_path.dsv'
[0.635s] INFO:colcon.colcon_core.shell:Creating environment hook '/home/dragonblade316/Programming/robotics/dummy/install_clang/serial/share/serial/hook/cmake_prefix_path.sh'
[0.636s] Level 1:colcon.colcon_core.environment:checking '/home/dragonblade316/Programming/robotics/dummy/install_clang/serial/lib'
[0.636s] Level 1:colcon.colcon_core.environment:checking '/home/dragonblade316/Programming/robotics/dummy/install_clang/serial/bin'
[0.636s] Level 1:colcon.colcon_core.environment:checking '/home/dragonblade316/Programming/robotics/dummy/install_clang/serial/lib/pkgconfig/serial.pc'
[0.636s] Level 1:colcon.colcon_core.environment:checking '/home/dragonblade316/Programming/robotics/dummy/install_clang/serial/lib/python3.10/site-packages'
[0.636s] Level 1:colcon.colcon_core.environment:checking '/home/dragonblade316/Programming/robotics/dummy/install_clang/serial/bin'
[0.636s] INFO:colcon.colcon_core.shell:Creating package script '/home/dragonblade316/Programming/robotics/dummy/install_clang/serial/share/serial/package.ps1'
[0.636s] INFO:colcon.colcon_core.shell:Creating package descriptor '/home/dragonblade316/Programming/robotics/dummy/install_clang/serial/share/serial/package.dsv'
[0.637s] INFO:colcon.colcon_core.shell:Creating package script '/home/dragonblade316/Programming/robotics/dummy/install_clang/serial/share/serial/package.sh'
[0.637s] INFO:colcon.colcon_core.shell:Creating package script '/home/dragonblade316/Programming/robotics/dummy/install_clang/serial/share/serial/package.bash'
[0.637s] INFO:colcon.colcon_core.shell:Creating package script '/home/dragonblade316/Programming/robotics/dummy/install_clang/serial/share/serial/package.zsh'
[0.637s] Level 1:colcon.colcon_core.environment:create_file_with_runtime_dependencies(/home/dragonblade316/Programming/robotics/dummy/install_clang/serial/share/colcon-core/packages/serial)
[0.637s] Level 1:colcon.colcon_core.environment:create_environment_scripts_only(serial)
[0.637s] Level 1:colcon.colcon_core.environment:checking '/home/dragonblade316/Programming/robotics/dummy/install_clang/serial' for CMake module files
[0.637s] Level 1:colcon.colcon_core.environment:checking '/home/dragonblade316/Programming/robotics/dummy/install_clang/serial' for CMake config files
[0.637s] Level 1:colcon.colcon_core.shell:create_environment_hook('serial', 'cmake_prefix_path')
[0.638s] INFO:colcon.colcon_core.shell:Creating environment hook '/home/dragonblade316/Programming/robotics/dummy/install_clang/serial/share/serial/hook/cmake_prefix_path.ps1'
[0.638s] INFO:colcon.colcon_core.shell:Creating environment descriptor '/home/dragonblade316/Programming/robotics/dummy/install_clang/serial/share/serial/hook/cmake_prefix_path.dsv'
[0.638s] INFO:colcon.colcon_core.shell:Creating environment hook '/home/dragonblade316/Programming/robotics/dummy/install_clang/serial/share/serial/hook/cmake_prefix_path.sh'
[0.638s] Level 1:colcon.colcon_core.environment:checking '/home/dragonblade316/Programming/robotics/dummy/install_clang/serial/lib'
[0.638s] Level 1:colcon.colcon_core.environment:checking '/home/dragonblade316/Programming/robotics/dummy/install_clang/serial/bin'
[0.638s] Level 1:colcon.colcon_core.environment:checking '/home/dragonblade316/Programming/robotics/dummy/install_clang/serial/lib/pkgconfig/serial.pc'
[0.638s] Level 1:colcon.colcon_core.environment:checking '/home/dragonblade316/Programming/robotics/dummy/install_clang/serial/lib/python3.10/site-packages'
[0.638s] Level 1:colcon.colcon_core.environment:checking '/home/dragonblade316/Programming/robotics/dummy/install_clang/serial/bin'
[0.638s] INFO:colcon.colcon_core.shell:Creating package script '/home/dragonblade316/Programming/robotics/dummy/install_clang/serial/share/serial/package.ps1'
[0.639s] INFO:colcon.colcon_core.shell:Creating package descriptor '/home/dragonblade316/Programming/robotics/dummy/install_clang/serial/share/serial/package.dsv'
[0.639s] INFO:colcon.colcon_core.shell:Creating package script '/home/dragonblade316/Programming/robotics/dummy/install_clang/serial/share/serial/package.sh'
[0.639s] INFO:colcon.colcon_core.shell:Creating package script '/home/dragonblade316/Programming/robotics/dummy/install_clang/serial/share/serial/package.bash'
[0.639s] INFO:colcon.colcon_core.shell:Creating package script '/home/dragonblade316/Programming/robotics/dummy/install_clang/serial/share/serial/package.zsh'
[0.639s] Level 1:colcon.colcon_core.environment:create_file_with_runtime_dependencies(/home/dragonblade316/Programming/robotics/dummy/install_clang/serial/share/colcon-core/packages/serial)
[0.645s] DEBUG:colcon.colcon_core.event_handler.log_command:Invoked command in '/home/dragonblade316/Programming/robotics/dummy/build_clang/moveit_config' returned '0': CMAKE_PREFIX_PATH=/home/dragonblade316/Programming/robotics/dummy/install_clang/dummy_description:/home/dragonblade316/Programming/robotics/dummy/install_clang/serial:/home/dragonblade316/Programming/robotics/dummy/install_clang/moveit_config:/home/dragonblade316/Programming/robotics/dummy/install_clang/dummy_motion:/home/dragonblade316/Programming/robotics/dummy/install_clang/dummy_joy_control:/home/dragonblade316/Programming/robotics/dummy/install_clang/dummy_hardware:/home/dragonblade316/Programming/robotics/dummy/install_clang/dummy_controller:/home/dragonblade316/Programming/robotics/dummy/install_clang/dummy_bringup:/home/dragonblade316/Programming/robotics/dummy/install_clang/dummy_serial:/opt/ros/humble /usr/bin/cmake --build /home/dragonblade316/Programming/robotics/dummy/build_clang/moveit_config -- -j20 -l20
[0.646s] DEBUG:colcon.colcon_core.event_handler.log_command:Invoking command in '/home/dragonblade316/Programming/robotics/dummy/build_clang/moveit_config': CMAKE_PREFIX_PATH=/home/dragonblade316/Programming/robotics/dummy/install_clang/dummy_description:/home/dragonblade316/Programming/robotics/dummy/install_clang/serial:/home/dragonblade316/Programming/robotics/dummy/install_clang/moveit_config:/home/dragonblade316/Programming/robotics/dummy/install_clang/dummy_motion:/home/dragonblade316/Programming/robotics/dummy/install_clang/dummy_joy_control:/home/dragonblade316/Programming/robotics/dummy/install_clang/dummy_hardware:/home/dragonblade316/Programming/robotics/dummy/install_clang/dummy_controller:/home/dragonblade316/Programming/robotics/dummy/install_clang/dummy_bringup:/home/dragonblade316/Programming/robotics/dummy/install_clang/dummy_serial:/opt/ros/humble /usr/bin/cmake --install /home/dragonblade316/Programming/robotics/dummy/build_clang/moveit_config
[0.659s] Level 1:colcon.colcon_core.environment:create_environment_scripts_only(moveit_config)
[0.660s] Level 1:colcon.colcon_core.environment:checking '/home/dragonblade316/Programming/robotics/dummy/install_clang/moveit_config' for CMake module files
[0.660s] DEBUG:colcon.colcon_core.event_handler.log_command:Invoked command in '/home/dragonblade316/Programming/robotics/dummy/build_clang/moveit_config' returned '0': CMAKE_PREFIX_PATH=/home/dragonblade316/Programming/robotics/dummy/install_clang/dummy_description:/home/dragonblade316/Programming/robotics/dummy/install_clang/serial:/home/dragonblade316/Programming/robotics/dummy/install_clang/moveit_config:/home/dragonblade316/Programming/robotics/dummy/install_clang/dummy_motion:/home/dragonblade316/Programming/robotics/dummy/install_clang/dummy_joy_control:/home/dragonblade316/Programming/robotics/dummy/install_clang/dummy_hardware:/home/dragonblade316/Programming/robotics/dummy/install_clang/dummy_controller:/home/dragonblade316/Programming/robotics/dummy/install_clang/dummy_bringup:/home/dragonblade316/Programming/robotics/dummy/install_clang/dummy_serial:/opt/ros/humble /usr/bin/cmake --install /home/dragonblade316/Programming/robotics/dummy/build_clang/moveit_config
[0.660s] Level 1:colcon.colcon_core.environment:checking '/home/dragonblade316/Programming/robotics/dummy/install_clang/moveit_config' for CMake config files
[0.660s] Level 1:colcon.colcon_core.shell:create_environment_hook('moveit_config', 'cmake_prefix_path')
[0.660s] INFO:colcon.colcon_core.shell:Creating environment hook '/home/dragonblade316/Programming/robotics/dummy/install_clang/moveit_config/share/moveit_config/hook/cmake_prefix_path.ps1'
[0.661s] INFO:colcon.colcon_core.shell:Creating environment descriptor '/home/dragonblade316/Programming/robotics/dummy/install_clang/moveit_config/share/moveit_config/hook/cmake_prefix_path.dsv'
[0.661s] INFO:colcon.colcon_core.shell:Creating environment hook '/home/dragonblade316/Programming/robotics/dummy/install_clang/moveit_config/share/moveit_config/hook/cmake_prefix_path.sh'
[0.661s] Level 1:colcon.colcon_core.environment:checking '/home/dragonblade316/Programming/robotics/dummy/install_clang/moveit_config/bin'
[0.661s] Level 1:colcon.colcon_core.environment:checking '/home/dragonblade316/Programming/robotics/dummy/install_clang/moveit_config/lib/pkgconfig/moveit_config.pc'
[0.661s] Level 1:colcon.colcon_core.environment:checking '/home/dragonblade316/Programming/robotics/dummy/install_clang/moveit_config/lib/python3.10/site-packages'
[0.661s] Level 1:colcon.colcon_core.environment:checking '/home/dragonblade316/Programming/robotics/dummy/install_clang/moveit_config/bin'
[0.661s] INFO:colcon.colcon_core.shell:Creating package script '/home/dragonblade316/Programming/robotics/dummy/install_clang/moveit_config/share/moveit_config/package.ps1'
[0.661s] INFO:colcon.colcon_core.shell:Creating package descriptor '/home/dragonblade316/Programming/robotics/dummy/install_clang/moveit_config/share/moveit_config/package.dsv'
[0.662s] INFO:colcon.colcon_core.shell:Creating package script '/home/dragonblade316/Programming/robotics/dummy/install_clang/moveit_config/share/moveit_config/package.sh'
[0.662s] INFO:colcon.colcon_core.shell:Creating package script '/home/dragonblade316/Programming/robotics/dummy/install_clang/moveit_config/share/moveit_config/package.bash'
[0.662s] INFO:colcon.colcon_core.shell:Creating package script '/home/dragonblade316/Programming/robotics/dummy/install_clang/moveit_config/share/moveit_config/package.zsh'
[0.662s] Level 1:colcon.colcon_core.environment:create_file_with_runtime_dependencies(/home/dragonblade316/Programming/robotics/dummy/install_clang/moveit_config/share/colcon-core/packages/moveit_config)
[0.662s] Level 1:colcon.colcon_core.environment:create_environment_scripts_only(moveit_config)
[0.662s] Level 1:colcon.colcon_core.environment:checking '/home/dragonblade316/Programming/robotics/dummy/install_clang/moveit_config' for CMake module files
[0.663s] Level 1:colcon.colcon_core.environment:checking '/home/dragonblade316/Programming/robotics/dummy/install_clang/moveit_config' for CMake config files
[0.663s] Level 1:colcon.colcon_core.shell:create_environment_hook('moveit_config', 'cmake_prefix_path')
[0.663s] INFO:colcon.colcon_core.shell:Creating environment hook '/home/dragonblade316/Programming/robotics/dummy/install_clang/moveit_config/share/moveit_config/hook/cmake_prefix_path.ps1'
[0.663s] INFO:colcon.colcon_core.shell:Creating environment descriptor '/home/dragonblade316/Programming/robotics/dummy/install_clang/moveit_config/share/moveit_config/hook/cmake_prefix_path.dsv'
[0.663s] INFO:colcon.colcon_core.shell:Creating environment hook '/home/dragonblade316/Programming/robotics/dummy/install_clang/moveit_config/share/moveit_config/hook/cmake_prefix_path.sh'
[0.663s] Level 1:colcon.colcon_core.environment:checking '/home/dragonblade316/Programming/robotics/dummy/install_clang/moveit_config/bin'
[0.663s] Level 1:colcon.colcon_core.environment:checking '/home/dragonblade316/Programming/robotics/dummy/install_clang/moveit_config/lib/pkgconfig/moveit_config.pc'
[0.663s] Level 1:colcon.colcon_core.environment:checking '/home/dragonblade316/Programming/robotics/dummy/install_clang/moveit_config/lib/python3.10/site-packages'
[0.663s] Level 1:colcon.colcon_core.environment:checking '/home/dragonblade316/Programming/robotics/dummy/install_clang/moveit_config/bin'
[0.664s] INFO:colcon.colcon_core.shell:Creating package script '/home/dragonblade316/Programming/robotics/dummy/install_clang/moveit_config/share/moveit_config/package.ps1'
[0.664s] INFO:colcon.colcon_core.shell:Creating package descriptor '/home/dragonblade316/Programming/robotics/dummy/install_clang/moveit_config/share/moveit_config/package.dsv'
[0.664s] INFO:colcon.colcon_core.shell:Creating package script '/home/dragonblade316/Programming/robotics/dummy/install_clang/moveit_config/share/moveit_config/package.sh'
[0.664s] INFO:colcon.colcon_core.shell:Creating package script '/home/dragonblade316/Programming/robotics/dummy/install_clang/moveit_config/share/moveit_config/package.bash'
[0.664s] INFO:colcon.colcon_core.shell:Creating package script '/home/dragonblade316/Programming/robotics/dummy/install_clang/moveit_config/share/moveit_config/package.zsh'
[0.665s] Level 1:colcon.colcon_core.environment:create_file_with_runtime_dependencies(/home/dragonblade316/Programming/robotics/dummy/install_clang/moveit_config/share/colcon-core/packages/moveit_config)
[0.787s] DEBUG:colcon.colcon_core.event_handler.log_command:Invoking command in '/home/dragonblade316/Programming/robotics/dummy/build_clang/dummy_serial': PYTHONPATH=/home/dragonblade316/Programming/robotics/dummy/build_clang/dummy_serial/prefix_override:/usr/lib/python3/dist-packages/colcon_core/task/python/colcon_distutils_commands:/home/dragonblade316/Programming/robotics/dummy/install_clang/dummy_serial/lib/python3.10/site-packages:${PYTHONPATH} /usr/bin/python3 -W ignore:setup.py install is deprecated -W ignore:easy_install command is deprecated setup.py develop --editable --build-directory /home/dragonblade316/Programming/robotics/dummy/build_clang/dummy_serial/build --no-deps symlink_data
[1.010s] Level 1:colcon.colcon_core.shell:create_environment_hook('dummy_serial', 'pythonpath_develop')
[1.010s] INFO:colcon.colcon_core.shell:Creating environment hook '/home/dragonblade316/Programming/robotics/dummy/build_clang/dummy_serial/share/dummy_serial/hook/pythonpath_develop.ps1'
[1.010s] DEBUG:colcon.colcon_core.event_handler.log_command:Invoked command in '/home/dragonblade316/Programming/robotics/dummy/build_clang/dummy_serial' returned '0': PYTHONPATH=/home/dragonblade316/Programming/robotics/dummy/build_clang/dummy_serial/prefix_override:/usr/lib/python3/dist-packages/colcon_core/task/python/colcon_distutils_commands:/home/dragonblade316/Programming/robotics/dummy/install_clang/dummy_serial/lib/python3.10/site-packages:${PYTHONPATH} /usr/bin/python3 -W ignore:setup.py install is deprecated -W ignore:easy_install command is deprecated setup.py develop --editable --build-directory /home/dragonblade316/Programming/robotics/dummy/build_clang/dummy_serial/build --no-deps symlink_data
[1.010s] INFO:colcon.colcon_core.shell:Creating environment descriptor '/home/dragonblade316/Programming/robotics/dummy/build_clang/dummy_serial/share/dummy_serial/hook/pythonpath_develop.dsv'
[1.010s] INFO:colcon.colcon_core.shell:Creating environment hook '/home/dragonblade316/Programming/robotics/dummy/build_clang/dummy_serial/share/dummy_serial/hook/pythonpath_develop.sh'
[1.011s] Level 1:colcon.colcon_core.environment:checking '/home/dragonblade316/Programming/robotics/dummy/install_clang/dummy_serial' for CMake module files
[1.011s] Level 1:colcon.colcon_core.environment:checking '/home/dragonblade316/Programming/robotics/dummy/install_clang/dummy_serial' for CMake config files
[1.011s] Level 1:colcon.colcon_core.environment:checking '/home/dragonblade316/Programming/robotics/dummy/install_clang/dummy_serial/lib'
[1.011s] Level 1:colcon.colcon_core.environment:checking '/home/dragonblade316/Programming/robotics/dummy/install_clang/dummy_serial/bin'
[1.011s] Level 1:colcon.colcon_core.environment:checking '/home/dragonblade316/Programming/robotics/dummy/install_clang/dummy_serial/lib/pkgconfig/dummy_serial.pc'
[1.011s] Level 1:colcon.colcon_core.environment:checking '/home/dragonblade316/Programming/robotics/dummy/install_clang/dummy_serial/lib/python3.10/site-packages'
[1.011s] Level 1:colcon.colcon_core.shell:create_environment_hook('dummy_serial', 'pythonpath')
[1.011s] INFO:colcon.colcon_core.shell:Creating environment hook '/home/dragonblade316/Programming/robotics/dummy/install_clang/dummy_serial/share/dummy_serial/hook/pythonpath.ps1'
[1.012s] INFO:colcon.colcon_core.shell:Creating environment descriptor '/home/dragonblade316/Programming/robotics/dummy/install_clang/dummy_serial/share/dummy_serial/hook/pythonpath.dsv'
[1.012s] INFO:colcon.colcon_core.shell:Creating environment hook '/home/dragonblade316/Programming/robotics/dummy/install_clang/dummy_serial/share/dummy_serial/hook/pythonpath.sh'
[1.012s] Level 1:colcon.colcon_core.environment:checking '/home/dragonblade316/Programming/robotics/dummy/install_clang/dummy_serial/bin'
[1.012s] Level 1:colcon.colcon_core.environment:create_environment_scripts_only(dummy_serial)
[1.012s] INFO:colcon.colcon_core.shell:Creating package script '/home/dragonblade316/Programming/robotics/dummy/install_clang/dummy_serial/share/dummy_serial/package.ps1'
[1.012s] INFO:colcon.colcon_core.shell:Creating package descriptor '/home/dragonblade316/Programming/robotics/dummy/install_clang/dummy_serial/share/dummy_serial/package.dsv'
[1.012s] INFO:colcon.colcon_core.shell:Creating package script '/home/dragonblade316/Programming/robotics/dummy/install_clang/dummy_serial/share/dummy_serial/package.sh'
[1.013s] INFO:colcon.colcon_core.shell:Creating package script '/home/dragonblade316/Programming/robotics/dummy/install_clang/dummy_serial/share/dummy_serial/package.bash'
[1.013s] INFO:colcon.colcon_core.shell:Creating package script '/home/dragonblade316/Programming/robotics/dummy/install_clang/dummy_serial/share/dummy_serial/package.zsh'
[1.013s] Level 1:colcon.colcon_core.environment:create_file_with_runtime_dependencies(/home/dragonblade316/Programming/robotics/dummy/install_clang/dummy_serial/share/colcon-core/packages/dummy_serial)
[1.765s] DEBUG:colcon.colcon_core.event_handler.log_command:Invoked command in '/home/dragonblade316/Programming/robotics/dummy/build_clang/dummy_hardware' returned '2': CMAKE_PREFIX_PATH=${CMAKE_PREFIX_PATH}:/home/dragonblade316/Programming/robotics/dummy/install_clang/dummy_serial:/opt/ros/humble /usr/bin/cmake --build /home/dragonblade316/Programming/robotics/dummy/build_clang/dummy_hardware -- -j20 -l20
[1.765s] Level 1:colcon.colcon_core.environment:create_environment_scripts_only(dummy_hardware)
[1.765s] Level 1:colcon.colcon_core.environment:checking '/home/dragonblade316/Programming/robotics/dummy/install_clang/dummy_hardware' for CMake module files
[1.765s] Level 1:colcon.colcon_core.environment:checking '/home/dragonblade316/Programming/robotics/dummy/install_clang/dummy_hardware' for CMake config files
[1.766s] Level 1:colcon.colcon_core.shell:create_environment_hook('dummy_hardware', 'cmake_prefix_path')
[1.766s] INFO:colcon.colcon_core.shell:Creating environment hook '/home/dragonblade316/Programming/robotics/dummy/install_clang/dummy_hardware/share/dummy_hardware/hook/cmake_prefix_path.ps1'
[1.766s] INFO:colcon.colcon_core.shell:Creating environment descriptor '/home/dragonblade316/Programming/robotics/dummy/install_clang/dummy_hardware/share/dummy_hardware/hook/cmake_prefix_path.dsv'
[1.766s] INFO:colcon.colcon_core.shell:Creating environment hook '/home/dragonblade316/Programming/robotics/dummy/install_clang/dummy_hardware/share/dummy_hardware/hook/cmake_prefix_path.sh'
[1.766s] Level 1:colcon.colcon_core.environment:checking '/home/dragonblade316/Programming/robotics/dummy/install_clang/dummy_hardware/lib'
[1.766s] Level 1:colcon.colcon_core.environment:checking '/home/dragonblade316/Programming/robotics/dummy/install_clang/dummy_hardware/bin'
[1.766s] Level 1:colcon.colcon_core.environment:checking '/home/dragonblade316/Programming/robotics/dummy/install_clang/dummy_hardware/lib/pkgconfig/dummy_hardware.pc'
[1.766s] Level 1:colcon.colcon_core.environment:checking '/home/dragonblade316/Programming/robotics/dummy/install_clang/dummy_hardware/lib/python3.10/site-packages'
[1.766s] Level 1:colcon.colcon_core.environment:checking '/home/dragonblade316/Programming/robotics/dummy/install_clang/dummy_hardware/bin'
[1.767s] INFO:colcon.colcon_core.shell:Creating package script '/home/dragonblade316/Programming/robotics/dummy/install_clang/dummy_hardware/share/dummy_hardware/package.ps1'
[1.767s] INFO:colcon.colcon_core.shell:Creating package descriptor '/home/dragonblade316/Programming/robotics/dummy/install_clang/dummy_hardware/share/dummy_hardware/package.dsv'
[1.767s] INFO:colcon.colcon_core.shell:Creating package script '/home/dragonblade316/Programming/robotics/dummy/install_clang/dummy_hardware/share/dummy_hardware/package.sh'
[1.767s] INFO:colcon.colcon_core.shell:Creating package script '/home/dragonblade316/Programming/robotics/dummy/install_clang/dummy_hardware/share/dummy_hardware/package.bash'
[1.767s] INFO:colcon.colcon_core.shell:Creating package script '/home/dragonblade316/Programming/robotics/dummy/install_clang/dummy_hardware/share/dummy_hardware/package.zsh'
[1.768s] Level 1:colcon.colcon_core.environment:create_file_with_runtime_dependencies(/home/dragonblade316/Programming/robotics/dummy/install_clang/dummy_hardware/share/colcon-core/packages/dummy_hardware)
[1.778s] DEBUG:colcon.colcon_parallel_executor.executor.parallel:closing loop
[1.778s] DEBUG:colcon.colcon_parallel_executor.executor.parallel:loop closed
[1.778s] DEBUG:colcon.colcon_parallel_executor.executor.parallel:run_until_complete finished with '2'
[1.778s] DEBUG:colcon.colcon_core.event_reactor:joining thread
[1.787s] INFO:colcon.colcon_core.plugin_system:Skipping extension 'colcon_notification.desktop_notification.terminal_notifier': Not used on non-Darwin systems
[1.787s] INFO:colcon.colcon_core.plugin_system:Skipping extension 'colcon_notification.desktop_notification.win32': Not used on non-Windows systems
[1.787s] INFO:colcon.colcon_notification.desktop_notification:Sending desktop notification using 'notify2'
[1.792s] DEBUG:colcon.colcon_core.event_reactor:joined thread
[1.793s] INFO:colcon.colcon_core.shell:Creating prefix script '/home/dragonblade316/Programming/robotics/dummy/install_clang/local_setup.ps1'
[1.793s] INFO:colcon.colcon_core.shell:Creating prefix util module '/home/dragonblade316/Programming/robotics/dummy/install_clang/_local_setup_util_ps1.py'
[1.794s] INFO:colcon.colcon_core.shell:Creating prefix chain script '/home/dragonblade316/Programming/robotics/dummy/install_clang/setup.ps1'
[1.795s] INFO:colcon.colcon_core.shell:Creating prefix script '/home/dragonblade316/Programming/robotics/dummy/install_clang/local_setup.sh'
[1.795s] INFO:colcon.colcon_core.shell:Creating prefix util module '/home/dragonblade316/Programming/robotics/dummy/install_clang/_local_setup_util_sh.py'
[1.795s] INFO:colcon.colcon_core.shell:Creating prefix chain script '/home/dragonblade316/Programming/robotics/dummy/install_clang/setup.sh'
[1.796s] INFO:colcon.colcon_core.shell:Creating prefix script '/home/dragonblade316/Programming/robotics/dummy/install_clang/local_setup.bash'
[1.796s] INFO:colcon.colcon_core.shell:Creating prefix chain script '/home/dragonblade316/Programming/robotics/dummy/install_clang/setup.bash'
[1.797s] INFO:colcon.colcon_core.shell:Creating prefix script '/home/dragonblade316/Programming/robotics/dummy/install_clang/local_setup.zsh'
[1.797s] INFO:colcon.colcon_core.shell:Creating prefix chain script '/home/dragonblade316/Programming/robotics/dummy/install_clang/setup.zsh'
