[0.077s] DEBUG:colcon:Command line arguments: ['/usr/bin/colcon', 'build', '--symlink-install', '--build-base', 'build_clang', '--install-base', 'install_clang', '--cmake-args', '-DCMAKE_EXPORT_COMPILE_COMMANDS=ON']
[0.077s] DEBUG:colcon:Parsed command line arguments: Namespace(log_base=None, log_level=None, verb_name='build', build_base='/home/dragonblade316/Programming/robotics/dummy/build_clang', install_base='/home/dragonblade316/Programming/robotics/dummy/install_clang', merge_install=False, symlink_install=True, test_result_base=None, continue_on_error=False, executor='parallel', parallel_workers=20, event_handlers=None, ignore_user_meta=False, metas=['./colcon.meta'], base_paths=['.'], packages_ignore=None, packages_ignore_regex=None, paths=None, packages_up_to=None, packages_up_to_regex=None, packages_above=None, packages_above_and_dependencies=None, packages_above_depth=None, packages_select_by_dep=None, packages_skip_by_dep=None, packages_skip_up_to=None, packages_select_build_failed=False, packages_skip_build_finished=False, packages_select_test_failures=False, packages_skip_test_passed=False, packages_select=None, packages_skip=None, packages_select_regex=None, packages_skip_regex=None, packages_start=None, packages_end=None, allow_overriding=[], cmake_args=['-DCMAKE_EXPORT_COMPILE_COMMANDS=ON'], cmake_target=None, cmake_target_skip_unavailable=False, cmake_clean_cache=False, cmake_clean_first=False, cmake_force_configure=False, ament_cmake_args=None, catkin_cmake_args=None, catkin_skip_building_tests=False, mixin_files=None, mixin=None, verb_parser=<colcon_mixin.mixin.mixin_argument.MixinArgumentDecorator object at 0x7bdbc6d3c400>, verb_extension=<colcon_core.verb.build.BuildVerb object at 0x7bdbc6e81300>, main=<bound method BuildVerb.main of <colcon_core.verb.build.BuildVerb object at 0x7bdbc6e81300>>, mixin_verb=('build',))
[0.203s] Level 1:colcon.colcon_core.package_discovery:discover_packages(colcon_meta) check parameters
[0.203s] Level 1:colcon.colcon_core.package_discovery:discover_packages(recursive) check parameters
[0.203s] Level 1:colcon.colcon_core.package_discovery:discover_packages(ignore) check parameters
[0.203s] Level 1:colcon.colcon_core.package_discovery:discover_packages(path) check parameters
[0.203s] Level 1:colcon.colcon_core.package_discovery:discover_packages(colcon_meta) discover
[0.203s] Level 1:colcon.colcon_core.package_discovery:discover_packages(recursive) discover
[0.203s] INFO:colcon.colcon_core.package_discovery:Crawling recursively for packages in '/home/dragonblade316/Programming/robotics/dummy'
[0.204s] Level 1:colcon.colcon_core.package_identification:_identify(.) by extensions ['ignore', 'ignore_ament_install']
[0.204s] Level 1:colcon.colcon_core.package_identification:_identify(.) by extension 'ignore'
[0.204s] Level 1:colcon.colcon_core.package_identification:_identify(.) by extension 'ignore_ament_install'
[0.204s] Level 1:colcon.colcon_core.package_identification:_identify(.) by extensions ['colcon_pkg']
[0.204s] Level 1:colcon.colcon_core.package_identification:_identify(.) by extension 'colcon_pkg'
[0.204s] Level 1:colcon.colcon_core.package_identification:_identify(.) by extensions ['colcon_meta']
[0.204s] Level 1:colcon.colcon_core.package_identification:_identify(.) by extension 'colcon_meta'
[0.204s] Level 1:colcon.colcon_core.package_identification:_identify(.) by extensions ['ros']
[0.204s] Level 1:colcon.colcon_core.package_identification:_identify(.) by extension 'ros'
[0.210s] Level 1:colcon.colcon_core.package_identification:_identify(.) by extensions ['cmake', 'python']
[0.210s] Level 1:colcon.colcon_core.package_identification:_identify(.) by extension 'cmake'
[0.211s] Level 1:colcon.colcon_core.package_identification:_identify(.) by extension 'python'
[0.211s] Level 1:colcon.colcon_core.package_identification:_identify(.) by extensions ['python_setup_py']
[0.211s] Level 1:colcon.colcon_core.package_identification:_identify(.) by extension 'python_setup_py'
[0.211s] Level 1:colcon.colcon_core.package_identification:_identify(arduino) by extensions ['ignore', 'ignore_ament_install']
[0.211s] Level 1:colcon.colcon_core.package_identification:_identify(arduino) by extension 'ignore'
[0.211s] Level 1:colcon.colcon_core.package_identification:_identify(arduino) by extension 'ignore_ament_install'
[0.211s] Level 1:colcon.colcon_core.package_identification:_identify(arduino) by extensions ['colcon_pkg']
[0.211s] Level 1:colcon.colcon_core.package_identification:_identify(arduino) by extension 'colcon_pkg'
[0.211s] Level 1:colcon.colcon_core.package_identification:_identify(arduino) by extensions ['colcon_meta']
[0.211s] Level 1:colcon.colcon_core.package_identification:_identify(arduino) by extension 'colcon_meta'
[0.211s] Level 1:colcon.colcon_core.package_identification:_identify(arduino) by extensions ['ros']
[0.211s] Level 1:colcon.colcon_core.package_identification:_identify(arduino) by extension 'ros'
[0.211s] Level 1:colcon.colcon_core.package_identification:_identify(arduino) by extensions ['cmake', 'python']
[0.211s] Level 1:colcon.colcon_core.package_identification:_identify(arduino) by extension 'cmake'
[0.211s] Level 1:colcon.colcon_core.package_identification:_identify(arduino) by extension 'python'
[0.211s] Level 1:colcon.colcon_core.package_identification:_identify(arduino) by extensions ['python_setup_py']
[0.211s] Level 1:colcon.colcon_core.package_identification:_identify(arduino) by extension 'python_setup_py'
[0.211s] Level 1:colcon.colcon_core.package_identification:_identify(arduino/sketch_dec20a) by extensions ['ignore', 'ignore_ament_install']
[0.211s] Level 1:colcon.colcon_core.package_identification:_identify(arduino/sketch_dec20a) by extension 'ignore'
[0.211s] Level 1:colcon.colcon_core.package_identification:_identify(arduino/sketch_dec20a) by extension 'ignore_ament_install'
[0.211s] Level 1:colcon.colcon_core.package_identification:_identify(arduino/sketch_dec20a) by extensions ['colcon_pkg']
[0.211s] Level 1:colcon.colcon_core.package_identification:_identify(arduino/sketch_dec20a) by extension 'colcon_pkg'
[0.211s] Level 1:colcon.colcon_core.package_identification:_identify(arduino/sketch_dec20a) by extensions ['colcon_meta']
[0.211s] Level 1:colcon.colcon_core.package_identification:_identify(arduino/sketch_dec20a) by extension 'colcon_meta'
[0.211s] Level 1:colcon.colcon_core.package_identification:_identify(arduino/sketch_dec20a) by extensions ['ros']
[0.211s] Level 1:colcon.colcon_core.package_identification:_identify(arduino/sketch_dec20a) by extension 'ros'
[0.211s] Level 1:colcon.colcon_core.package_identification:_identify(arduino/sketch_dec20a) by extensions ['cmake', 'python']
[0.211s] Level 1:colcon.colcon_core.package_identification:_identify(arduino/sketch_dec20a) by extension 'cmake'
[0.211s] Level 1:colcon.colcon_core.package_identification:_identify(arduino/sketch_dec20a) by extension 'python'
[0.211s] Level 1:colcon.colcon_core.package_identification:_identify(arduino/sketch_dec20a) by extensions ['python_setup_py']
[0.211s] Level 1:colcon.colcon_core.package_identification:_identify(arduino/sketch_dec20a) by extension 'python_setup_py'
[0.211s] Level 1:colcon.colcon_core.package_identification:_identify(build_clang) by extensions ['ignore', 'ignore_ament_install']
[0.211s] Level 1:colcon.colcon_core.package_identification:_identify(build_clang) by extension 'ignore'
[0.211s] Level 1:colcon.colcon_core.package_identification:_identify(build_clang) ignored
[0.211s] Level 1:colcon.colcon_core.package_identification:_identify(dummy_bringup) by extensions ['ignore', 'ignore_ament_install']
[0.211s] Level 1:colcon.colcon_core.package_identification:_identify(dummy_bringup) by extension 'ignore'
[0.211s] Level 1:colcon.colcon_core.package_identification:_identify(dummy_bringup) by extension 'ignore_ament_install'
[0.211s] Level 1:colcon.colcon_core.package_identification:_identify(dummy_bringup) by extensions ['colcon_pkg']
[0.211s] Level 1:colcon.colcon_core.package_identification:_identify(dummy_bringup) by extension 'colcon_pkg'
[0.211s] Level 1:colcon.colcon_core.package_identification:_identify(dummy_bringup) by extensions ['colcon_meta']
[0.211s] Level 1:colcon.colcon_core.package_identification:_identify(dummy_bringup) by extension 'colcon_meta'
[0.211s] Level 1:colcon.colcon_core.package_identification:_identify(dummy_bringup) by extensions ['ros']
[0.211s] Level 1:colcon.colcon_core.package_identification:_identify(dummy_bringup) by extension 'ros'
[0.213s] DEBUG:colcon.colcon_core.package_identification:Package 'dummy_bringup' with type 'ros.ament_cmake' and name 'dummy_bringup'
[0.213s] Level 1:colcon.colcon_core.package_identification:_identify(dummy_controller) by extensions ['ignore', 'ignore_ament_install']
[0.213s] Level 1:colcon.colcon_core.package_identification:_identify(dummy_controller) by extension 'ignore'
[0.213s] Level 1:colcon.colcon_core.package_identification:_identify(dummy_controller) by extension 'ignore_ament_install'
[0.213s] Level 1:colcon.colcon_core.package_identification:_identify(dummy_controller) by extensions ['colcon_pkg']
[0.213s] Level 1:colcon.colcon_core.package_identification:_identify(dummy_controller) by extension 'colcon_pkg'
[0.213s] Level 1:colcon.colcon_core.package_identification:_identify(dummy_controller) by extensions ['colcon_meta']
[0.213s] Level 1:colcon.colcon_core.package_identification:_identify(dummy_controller) by extension 'colcon_meta'
[0.213s] Level 1:colcon.colcon_core.package_identification:_identify(dummy_controller) by extensions ['ros']
[0.213s] Level 1:colcon.colcon_core.package_identification:_identify(dummy_controller) by extension 'ros'
[0.214s] DEBUG:colcon.colcon_core.package_identification:Package 'dummy_controller' with type 'ros.ament_cmake' and name 'dummy_controller'
[0.214s] Level 1:colcon.colcon_core.package_identification:_identify(dummy_description) by extensions ['ignore', 'ignore_ament_install']
[0.214s] Level 1:colcon.colcon_core.package_identification:_identify(dummy_description) by extension 'ignore'
[0.214s] Level 1:colcon.colcon_core.package_identification:_identify(dummy_description) by extension 'ignore_ament_install'
[0.214s] Level 1:colcon.colcon_core.package_identification:_identify(dummy_description) by extensions ['colcon_pkg']
[0.214s] Level 1:colcon.colcon_core.package_identification:_identify(dummy_description) by extension 'colcon_pkg'
[0.214s] Level 1:colcon.colcon_core.package_identification:_identify(dummy_description) by extensions ['colcon_meta']
[0.214s] Level 1:colcon.colcon_core.package_identification:_identify(dummy_description) by extension 'colcon_meta'
[0.214s] Level 1:colcon.colcon_core.package_identification:_identify(dummy_description) by extensions ['ros']
[0.214s] Level 1:colcon.colcon_core.package_identification:_identify(dummy_description) by extension 'ros'
[0.214s] DEBUG:colcon.colcon_core.package_identification:Package 'dummy_description' with type 'ros.ament_cmake' and name 'dummy_description'
[0.214s] Level 1:colcon.colcon_core.package_identification:_identify(dummy_hardware) by extensions ['ignore', 'ignore_ament_install']
[0.214s] Level 1:colcon.colcon_core.package_identification:_identify(dummy_hardware) by extension 'ignore'
[0.214s] Level 1:colcon.colcon_core.package_identification:_identify(dummy_hardware) by extension 'ignore_ament_install'
[0.214s] Level 1:colcon.colcon_core.package_identification:_identify(dummy_hardware) by extensions ['colcon_pkg']
[0.214s] Level 1:colcon.colcon_core.package_identification:_identify(dummy_hardware) by extension 'colcon_pkg'
[0.214s] Level 1:colcon.colcon_core.package_identification:_identify(dummy_hardware) by extensions ['colcon_meta']
[0.214s] Level 1:colcon.colcon_core.package_identification:_identify(dummy_hardware) by extension 'colcon_meta'
[0.214s] Level 1:colcon.colcon_core.package_identification:_identify(dummy_hardware) by extensions ['ros']
[0.214s] Level 1:colcon.colcon_core.package_identification:_identify(dummy_hardware) by extension 'ros'
[0.215s] DEBUG:colcon.colcon_core.package_identification:Package 'dummy_hardware' with type 'ros.ament_cmake' and name 'dummy_hardware'
[0.215s] Level 1:colcon.colcon_core.package_identification:_identify(dummy_joy_control) by extensions ['ignore', 'ignore_ament_install']
[0.215s] Level 1:colcon.colcon_core.package_identification:_identify(dummy_joy_control) by extension 'ignore'
[0.215s] Level 1:colcon.colcon_core.package_identification:_identify(dummy_joy_control) by extension 'ignore_ament_install'
[0.215s] Level 1:colcon.colcon_core.package_identification:_identify(dummy_joy_control) by extensions ['colcon_pkg']
[0.215s] Level 1:colcon.colcon_core.package_identification:_identify(dummy_joy_control) by extension 'colcon_pkg'
[0.215s] Level 1:colcon.colcon_core.package_identification:_identify(dummy_joy_control) by extensions ['colcon_meta']
[0.215s] Level 1:colcon.colcon_core.package_identification:_identify(dummy_joy_control) by extension 'colcon_meta'
[0.215s] Level 1:colcon.colcon_core.package_identification:_identify(dummy_joy_control) by extensions ['ros']
[0.215s] Level 1:colcon.colcon_core.package_identification:_identify(dummy_joy_control) by extension 'ros'
[0.215s] DEBUG:colcon.colcon_core.package_identification:Package 'dummy_joy_control' with type 'ros.ament_cmake' and name 'dummy_joy_control'
[0.215s] Level 1:colcon.colcon_core.package_identification:_identify(dummy_motion) by extensions ['ignore', 'ignore_ament_install']
[0.215s] Level 1:colcon.colcon_core.package_identification:_identify(dummy_motion) by extension 'ignore'
[0.215s] Level 1:colcon.colcon_core.package_identification:_identify(dummy_motion) by extension 'ignore_ament_install'
[0.215s] Level 1:colcon.colcon_core.package_identification:_identify(dummy_motion) by extensions ['colcon_pkg']
[0.215s] Level 1:colcon.colcon_core.package_identification:_identify(dummy_motion) by extension 'colcon_pkg'
[0.215s] Level 1:colcon.colcon_core.package_identification:_identify(dummy_motion) by extensions ['colcon_meta']
[0.215s] Level 1:colcon.colcon_core.package_identification:_identify(dummy_motion) by extension 'colcon_meta'
[0.215s] Level 1:colcon.colcon_core.package_identification:_identify(dummy_motion) by extensions ['ros']
[0.215s] Level 1:colcon.colcon_core.package_identification:_identify(dummy_motion) by extension 'ros'
[0.216s] DEBUG:colcon.colcon_core.package_identification:Package 'dummy_motion' with type 'ros.ament_cmake' and name 'dummy_motion'
[0.216s] Level 1:colcon.colcon_core.package_identification:_identify(dummy_serial) by extensions ['ignore', 'ignore_ament_install']
[0.216s] Level 1:colcon.colcon_core.package_identification:_identify(dummy_serial) by extension 'ignore'
[0.216s] Level 1:colcon.colcon_core.package_identification:_identify(dummy_serial) by extension 'ignore_ament_install'
[0.216s] Level 1:colcon.colcon_core.package_identification:_identify(dummy_serial) by extensions ['colcon_pkg']
[0.216s] Level 1:colcon.colcon_core.package_identification:_identify(dummy_serial) by extension 'colcon_pkg'
[0.216s] Level 1:colcon.colcon_core.package_identification:_identify(dummy_serial) by extensions ['colcon_meta']
[0.216s] Level 1:colcon.colcon_core.package_identification:_identify(dummy_serial) by extension 'colcon_meta'
[0.216s] Level 1:colcon.colcon_core.package_identification:_identify(dummy_serial) by extensions ['ros']
[0.216s] Level 1:colcon.colcon_core.package_identification:_identify(dummy_serial) by extension 'ros'
[0.216s] DEBUG:colcon.colcon_core.package_identification:Package 'dummy_serial' with type 'ros.ament_python' and name 'dummy_serial'
[0.216s] Level 1:colcon.colcon_core.package_identification:_identify(install_clang) by extensions ['ignore', 'ignore_ament_install']
[0.216s] Level 1:colcon.colcon_core.package_identification:_identify(install_clang) by extension 'ignore'
[0.216s] Level 1:colcon.colcon_core.package_identification:_identify(install_clang) ignored
[0.216s] Level 1:colcon.colcon_core.package_identification:_identify(log) by extensions ['ignore', 'ignore_ament_install']
[0.216s] Level 1:colcon.colcon_core.package_identification:_identify(log) by extension 'ignore'
[0.216s] Level 1:colcon.colcon_core.package_identification:_identify(log) ignored
[0.216s] Level 1:colcon.colcon_core.package_identification:_identify(moveit_config) by extensions ['ignore', 'ignore_ament_install']
[0.216s] Level 1:colcon.colcon_core.package_identification:_identify(moveit_config) by extension 'ignore'
[0.216s] Level 1:colcon.colcon_core.package_identification:_identify(moveit_config) by extension 'ignore_ament_install'
[0.216s] Level 1:colcon.colcon_core.package_identification:_identify(moveit_config) by extensions ['colcon_pkg']
[0.217s] Level 1:colcon.colcon_core.package_identification:_identify(moveit_config) by extension 'colcon_pkg'
[0.217s] Level 1:colcon.colcon_core.package_identification:_identify(moveit_config) by extensions ['colcon_meta']
[0.217s] Level 1:colcon.colcon_core.package_identification:_identify(moveit_config) by extension 'colcon_meta'
[0.217s] Level 1:colcon.colcon_core.package_identification:_identify(moveit_config) by extensions ['ros']
[0.217s] Level 1:colcon.colcon_core.package_identification:_identify(moveit_config) by extension 'ros'
[0.217s] DEBUG:colcon.colcon_core.package_identification:Package 'moveit_config' with type 'ros.ament_cmake' and name 'moveit_config'
[0.217s] Level 1:colcon.colcon_core.package_identification:_identify(serial-ros2) by extensions ['ignore', 'ignore_ament_install']
[0.217s] Level 1:colcon.colcon_core.package_identification:_identify(serial-ros2) by extension 'ignore'
[0.217s] Level 1:colcon.colcon_core.package_identification:_identify(serial-ros2) by extension 'ignore_ament_install'
[0.217s] Level 1:colcon.colcon_core.package_identification:_identify(serial-ros2) by extensions ['colcon_pkg']
[0.217s] Level 1:colcon.colcon_core.package_identification:_identify(serial-ros2) by extension 'colcon_pkg'
[0.217s] Level 1:colcon.colcon_core.package_identification:_identify(serial-ros2) by extensions ['colcon_meta']
[0.217s] Level 1:colcon.colcon_core.package_identification:_identify(serial-ros2) by extension 'colcon_meta'
[0.217s] Level 1:colcon.colcon_core.package_identification:_identify(serial-ros2) by extensions ['ros']
[0.217s] Level 1:colcon.colcon_core.package_identification:_identify(serial-ros2) by extension 'ros'
[0.217s] DEBUG:colcon.colcon_core.package_identification:Package 'serial-ros2' with type 'ros.ament_cmake' and name 'serial'
[0.217s] Level 1:colcon.colcon_core.package_discovery:discover_packages(recursive) using defaults
[0.218s] Level 1:colcon.colcon_core.package_discovery:discover_packages(ignore) discover
[0.218s] Level 1:colcon.colcon_core.package_discovery:discover_packages(ignore) using defaults
[0.218s] Level 1:colcon.colcon_core.package_discovery:discover_packages(path) discover
[0.218s] Level 1:colcon.colcon_core.package_discovery:discover_packages(path) using defaults
[0.237s] Level 1:colcon.colcon_core.package_discovery:discover_packages(prefix_path) check parameters
[0.237s] Level 1:colcon.colcon_core.package_discovery:discover_packages(prefix_path) discover
[0.238s] DEBUG:colcon.colcon_installed_package_information.package_discovery:Found 9 installed packages in /home/dragonblade316/Programming/robotics/dummy/install_clang
[0.240s] DEBUG:colcon.colcon_installed_package_information.package_discovery:Found 374 installed packages in /opt/ros/humble
[0.241s] Level 1:colcon.colcon_core.package_discovery:discover_packages(prefix_path) using defaults
[0.267s] Level 5:colcon.colcon_core.verb:set package 'dummy_bringup' build argument 'cmake_args' from command line to '['-DCMAKE_EXPORT_COMPILE_COMMANDS=ON']'
[0.267s] Level 5:colcon.colcon_core.verb:set package 'dummy_bringup' build argument 'cmake_target' from command line to 'None'
[0.267s] Level 5:colcon.colcon_core.verb:set package 'dummy_bringup' build argument 'cmake_target_skip_unavailable' from command line to 'False'
[0.267s] Level 5:colcon.colcon_core.verb:set package 'dummy_bringup' build argument 'cmake_clean_cache' from command line to 'False'
[0.267s] Level 5:colcon.colcon_core.verb:set package 'dummy_bringup' build argument 'cmake_clean_first' from command line to 'False'
[0.267s] Level 5:colcon.colcon_core.verb:set package 'dummy_bringup' build argument 'cmake_force_configure' from command line to 'False'
[0.267s] Level 5:colcon.colcon_core.verb:set package 'dummy_bringup' build argument 'ament_cmake_args' from command line to 'None'
[0.267s] Level 5:colcon.colcon_core.verb:set package 'dummy_bringup' build argument 'catkin_cmake_args' from command line to 'None'
[0.268s] Level 5:colcon.colcon_core.verb:set package 'dummy_bringup' build argument 'catkin_skip_building_tests' from command line to 'False'
[0.268s] DEBUG:colcon.colcon_core.verb:Building package 'dummy_bringup' with the following arguments: {'ament_cmake_args': None, 'build_base': '/home/dragonblade316/Programming/robotics/dummy/build_clang/dummy_bringup', 'catkin_cmake_args': None, 'catkin_skip_building_tests': False, 'cmake_args': ['-DCMAKE_EXPORT_COMPILE_COMMANDS=ON'], 'cmake_clean_cache': False, 'cmake_clean_first': False, 'cmake_force_configure': False, 'cmake_target': None, 'cmake_target_skip_unavailable': False, 'install_base': '/home/dragonblade316/Programming/robotics/dummy/install_clang/dummy_bringup', 'merge_install': False, 'path': '/home/dragonblade316/Programming/robotics/dummy/dummy_bringup', 'symlink_install': True, 'test_result_base': None}
[0.268s] Level 5:colcon.colcon_core.verb:set package 'dummy_controller' build argument 'cmake_args' from command line to '['-DCMAKE_EXPORT_COMPILE_COMMANDS=ON']'
[0.268s] Level 5:colcon.colcon_core.verb:set package 'dummy_controller' build argument 'cmake_target' from command line to 'None'
[0.268s] Level 5:colcon.colcon_core.verb:set package 'dummy_controller' build argument 'cmake_target_skip_unavailable' from command line to 'False'
[0.268s] Level 5:colcon.colcon_core.verb:set package 'dummy_controller' build argument 'cmake_clean_cache' from command line to 'False'
[0.268s] Level 5:colcon.colcon_core.verb:set package 'dummy_controller' build argument 'cmake_clean_first' from command line to 'False'
[0.268s] Level 5:colcon.colcon_core.verb:set package 'dummy_controller' build argument 'cmake_force_configure' from command line to 'False'
[0.268s] Level 5:colcon.colcon_core.verb:set package 'dummy_controller' build argument 'ament_cmake_args' from command line to 'None'
[0.268s] Level 5:colcon.colcon_core.verb:set package 'dummy_controller' build argument 'catkin_cmake_args' from command line to 'None'
[0.268s] Level 5:colcon.colcon_core.verb:set package 'dummy_controller' build argument 'catkin_skip_building_tests' from command line to 'False'
[0.268s] DEBUG:colcon.colcon_core.verb:Building package 'dummy_controller' with the following arguments: {'ament_cmake_args': None, 'build_base': '/home/dragonblade316/Programming/robotics/dummy/build_clang/dummy_controller', 'catkin_cmake_args': None, 'catkin_skip_building_tests': False, 'cmake_args': ['-DCMAKE_EXPORT_COMPILE_COMMANDS=ON'], 'cmake_clean_cache': False, 'cmake_clean_first': False, 'cmake_force_configure': False, 'cmake_target': None, 'cmake_target_skip_unavailable': False, 'install_base': '/home/dragonblade316/Programming/robotics/dummy/install_clang/dummy_controller', 'merge_install': False, 'path': '/home/dragonblade316/Programming/robotics/dummy/dummy_controller', 'symlink_install': True, 'test_result_base': None}
[0.268s] Level 5:colcon.colcon_core.verb:set package 'dummy_description' build argument 'cmake_args' from command line to '['-DCMAKE_EXPORT_COMPILE_COMMANDS=ON']'
[0.268s] Level 5:colcon.colcon_core.verb:set package 'dummy_description' build argument 'cmake_target' from command line to 'None'
[0.268s] Level 5:colcon.colcon_core.verb:set package 'dummy_description' build argument 'cmake_target_skip_unavailable' from command line to 'False'
[0.268s] Level 5:colcon.colcon_core.verb:set package 'dummy_description' build argument 'cmake_clean_cache' from command line to 'False'
[0.268s] Level 5:colcon.colcon_core.verb:set package 'dummy_description' build argument 'cmake_clean_first' from command line to 'False'
[0.268s] Level 5:colcon.colcon_core.verb:set package 'dummy_description' build argument 'cmake_force_configure' from command line to 'False'
[0.268s] Level 5:colcon.colcon_core.verb:set package 'dummy_description' build argument 'ament_cmake_args' from command line to 'None'
[0.268s] Level 5:colcon.colcon_core.verb:set package 'dummy_description' build argument 'catkin_cmake_args' from command line to 'None'
[0.268s] Level 5:colcon.colcon_core.verb:set package 'dummy_description' build argument 'catkin_skip_building_tests' from command line to 'False'
[0.268s] DEBUG:colcon.colcon_core.verb:Building package 'dummy_description' with the following arguments: {'ament_cmake_args': None, 'build_base': '/home/dragonblade316/Programming/robotics/dummy/build_clang/dummy_description', 'catkin_cmake_args': None, 'catkin_skip_building_tests': False, 'cmake_args': ['-DCMAKE_EXPORT_COMPILE_COMMANDS=ON'], 'cmake_clean_cache': False, 'cmake_clean_first': False, 'cmake_force_configure': False, 'cmake_target': None, 'cmake_target_skip_unavailable': False, 'install_base': '/home/dragonblade316/Programming/robotics/dummy/install_clang/dummy_description', 'merge_install': False, 'path': '/home/dragonblade316/Programming/robotics/dummy/dummy_description', 'symlink_install': True, 'test_result_base': None}
[0.268s] Level 5:colcon.colcon_core.verb:set package 'dummy_hardware' build argument 'cmake_args' from command line to '['-DCMAKE_EXPORT_COMPILE_COMMANDS=ON']'
[0.268s] Level 5:colcon.colcon_core.verb:set package 'dummy_hardware' build argument 'cmake_target' from command line to 'None'
[0.268s] Level 5:colcon.colcon_core.verb:set package 'dummy_hardware' build argument 'cmake_target_skip_unavailable' from command line to 'False'
[0.268s] Level 5:colcon.colcon_core.verb:set package 'dummy_hardware' build argument 'cmake_clean_cache' from command line to 'False'
[0.268s] Level 5:colcon.colcon_core.verb:set package 'dummy_hardware' build argument 'cmake_clean_first' from command line to 'False'
[0.268s] Level 5:colcon.colcon_core.verb:set package 'dummy_hardware' build argument 'cmake_force_configure' from command line to 'False'
[0.268s] Level 5:colcon.colcon_core.verb:set package 'dummy_hardware' build argument 'ament_cmake_args' from command line to 'None'
[0.268s] Level 5:colcon.colcon_core.verb:set package 'dummy_hardware' build argument 'catkin_cmake_args' from command line to 'None'
[0.268s] Level 5:colcon.colcon_core.verb:set package 'dummy_hardware' build argument 'catkin_skip_building_tests' from command line to 'False'
[0.268s] DEBUG:colcon.colcon_core.verb:Building package 'dummy_hardware' with the following arguments: {'ament_cmake_args': None, 'build_base': '/home/dragonblade316/Programming/robotics/dummy/build_clang/dummy_hardware', 'catkin_cmake_args': None, 'catkin_skip_building_tests': False, 'cmake_args': ['-DCMAKE_EXPORT_COMPILE_COMMANDS=ON'], 'cmake_clean_cache': False, 'cmake_clean_first': False, 'cmake_force_configure': False, 'cmake_target': None, 'cmake_target_skip_unavailable': False, 'install_base': '/home/dragonblade316/Programming/robotics/dummy/install_clang/dummy_hardware', 'merge_install': False, 'path': '/home/dragonblade316/Programming/robotics/dummy/dummy_hardware', 'symlink_install': True, 'test_result_base': None}
[0.268s] Level 5:colcon.colcon_core.verb:set package 'dummy_joy_control' build argument 'cmake_args' from command line to '['-DCMAKE_EXPORT_COMPILE_COMMANDS=ON']'
[0.268s] Level 5:colcon.colcon_core.verb:set package 'dummy_joy_control' build argument 'cmake_target' from command line to 'None'
[0.268s] Level 5:colcon.colcon_core.verb:set package 'dummy_joy_control' build argument 'cmake_target_skip_unavailable' from command line to 'False'
[0.268s] Level 5:colcon.colcon_core.verb:set package 'dummy_joy_control' build argument 'cmake_clean_cache' from command line to 'False'
[0.268s] Level 5:colcon.colcon_core.verb:set package 'dummy_joy_control' build argument 'cmake_clean_first' from command line to 'False'
[0.268s] Level 5:colcon.colcon_core.verb:set package 'dummy_joy_control' build argument 'cmake_force_configure' from command line to 'False'
[0.268s] Level 5:colcon.colcon_core.verb:set package 'dummy_joy_control' build argument 'ament_cmake_args' from command line to 'None'
[0.269s] Level 5:colcon.colcon_core.verb:set package 'dummy_joy_control' build argument 'catkin_cmake_args' from command line to 'None'
[0.269s] Level 5:colcon.colcon_core.verb:set package 'dummy_joy_control' build argument 'catkin_skip_building_tests' from command line to 'False'
[0.269s] DEBUG:colcon.colcon_core.verb:Building package 'dummy_joy_control' with the following arguments: {'ament_cmake_args': None, 'build_base': '/home/dragonblade316/Programming/robotics/dummy/build_clang/dummy_joy_control', 'catkin_cmake_args': None, 'catkin_skip_building_tests': False, 'cmake_args': ['-DCMAKE_EXPORT_COMPILE_COMMANDS=ON'], 'cmake_clean_cache': False, 'cmake_clean_first': False, 'cmake_force_configure': False, 'cmake_target': None, 'cmake_target_skip_unavailable': False, 'install_base': '/home/dragonblade316/Programming/robotics/dummy/install_clang/dummy_joy_control', 'merge_install': False, 'path': '/home/dragonblade316/Programming/robotics/dummy/dummy_joy_control', 'symlink_install': True, 'test_result_base': None}
[0.269s] Level 5:colcon.colcon_core.verb:set package 'dummy_motion' build argument 'cmake_args' from command line to '['-DCMAKE_EXPORT_COMPILE_COMMANDS=ON']'
[0.269s] Level 5:colcon.colcon_core.verb:set package 'dummy_motion' build argument 'cmake_target' from command line to 'None'
[0.269s] Level 5:colcon.colcon_core.verb:set package 'dummy_motion' build argument 'cmake_target_skip_unavailable' from command line to 'False'
[0.269s] Level 5:colcon.colcon_core.verb:set package 'dummy_motion' build argument 'cmake_clean_cache' from command line to 'False'
[0.269s] Level 5:colcon.colcon_core.verb:set package 'dummy_motion' build argument 'cmake_clean_first' from command line to 'False'
[0.269s] Level 5:colcon.colcon_core.verb:set package 'dummy_motion' build argument 'cmake_force_configure' from command line to 'False'
[0.269s] Level 5:colcon.colcon_core.verb:set package 'dummy_motion' build argument 'ament_cmake_args' from command line to 'None'
[0.269s] Level 5:colcon.colcon_core.verb:set package 'dummy_motion' build argument 'catkin_cmake_args' from command line to 'None'
[0.269s] Level 5:colcon.colcon_core.verb:set package 'dummy_motion' build argument 'catkin_skip_building_tests' from command line to 'False'
[0.269s] DEBUG:colcon.colcon_core.verb:Building package 'dummy_motion' with the following arguments: {'ament_cmake_args': None, 'build_base': '/home/dragonblade316/Programming/robotics/dummy/build_clang/dummy_motion', 'catkin_cmake_args': None, 'catkin_skip_building_tests': False, 'cmake_args': ['-DCMAKE_EXPORT_COMPILE_COMMANDS=ON'], 'cmake_clean_cache': False, 'cmake_clean_first': False, 'cmake_force_configure': False, 'cmake_target': None, 'cmake_target_skip_unavailable': False, 'install_base': '/home/dragonblade316/Programming/robotics/dummy/install_clang/dummy_motion', 'merge_install': False, 'path': '/home/dragonblade316/Programming/robotics/dummy/dummy_motion', 'symlink_install': True, 'test_result_base': None}
[0.269s] Level 5:colcon.colcon_core.verb:set package 'dummy_serial' build argument 'cmake_args' from command line to '['-DCMAKE_EXPORT_COMPILE_COMMANDS=ON']'
[0.269s] Level 5:colcon.colcon_core.verb:set package 'dummy_serial' build argument 'cmake_target' from command line to 'None'
[0.269s] Level 5:colcon.colcon_core.verb:set package 'dummy_serial' build argument 'cmake_target_skip_unavailable' from command line to 'False'
[0.269s] Level 5:colcon.colcon_core.verb:set package 'dummy_serial' build argument 'cmake_clean_cache' from command line to 'False'
[0.269s] Level 5:colcon.colcon_core.verb:set package 'dummy_serial' build argument 'cmake_clean_first' from command line to 'False'
[0.269s] Level 5:colcon.colcon_core.verb:set package 'dummy_serial' build argument 'cmake_force_configure' from command line to 'False'
[0.269s] Level 5:colcon.colcon_core.verb:set package 'dummy_serial' build argument 'ament_cmake_args' from command line to 'None'
[0.269s] Level 5:colcon.colcon_core.verb:set package 'dummy_serial' build argument 'catkin_cmake_args' from command line to 'None'
[0.269s] Level 5:colcon.colcon_core.verb:set package 'dummy_serial' build argument 'catkin_skip_building_tests' from command line to 'False'
[0.269s] DEBUG:colcon.colcon_core.verb:Building package 'dummy_serial' with the following arguments: {'ament_cmake_args': None, 'build_base': '/home/dragonblade316/Programming/robotics/dummy/build_clang/dummy_serial', 'catkin_cmake_args': None, 'catkin_skip_building_tests': False, 'cmake_args': ['-DCMAKE_EXPORT_COMPILE_COMMANDS=ON'], 'cmake_clean_cache': False, 'cmake_clean_first': False, 'cmake_force_configure': False, 'cmake_target': None, 'cmake_target_skip_unavailable': False, 'install_base': '/home/dragonblade316/Programming/robotics/dummy/install_clang/dummy_serial', 'merge_install': False, 'path': '/home/dragonblade316/Programming/robotics/dummy/dummy_serial', 'symlink_install': True, 'test_result_base': None}
[0.269s] Level 5:colcon.colcon_core.verb:set package 'serial' build argument 'cmake_args' from command line to '['-DCMAKE_EXPORT_COMPILE_COMMANDS=ON']'
[0.269s] Level 5:colcon.colcon_core.verb:set package 'serial' build argument 'cmake_target' from command line to 'None'
[0.269s] Level 5:colcon.colcon_core.verb:set package 'serial' build argument 'cmake_target_skip_unavailable' from command line to 'False'
[0.269s] Level 5:colcon.colcon_core.verb:set package 'serial' build argument 'cmake_clean_cache' from command line to 'False'
[0.269s] Level 5:colcon.colcon_core.verb:set package 'serial' build argument 'cmake_clean_first' from command line to 'False'
[0.269s] Level 5:colcon.colcon_core.verb:set package 'serial' build argument 'cmake_force_configure' from command line to 'False'
[0.269s] Level 5:colcon.colcon_core.verb:set package 'serial' build argument 'ament_cmake_args' from command line to 'None'
[0.269s] Level 5:colcon.colcon_core.verb:set package 'serial' build argument 'catkin_cmake_args' from command line to 'None'
[0.269s] Level 5:colcon.colcon_core.verb:set package 'serial' build argument 'catkin_skip_building_tests' from command line to 'False'
[0.269s] DEBUG:colcon.colcon_core.verb:Building package 'serial' with the following arguments: {'ament_cmake_args': None, 'build_base': '/home/dragonblade316/Programming/robotics/dummy/build_clang/serial', 'catkin_cmake_args': None, 'catkin_skip_building_tests': False, 'cmake_args': ['-DCMAKE_EXPORT_COMPILE_COMMANDS=ON'], 'cmake_clean_cache': False, 'cmake_clean_first': False, 'cmake_force_configure': False, 'cmake_target': None, 'cmake_target_skip_unavailable': False, 'install_base': '/home/dragonblade316/Programming/robotics/dummy/install_clang/serial', 'merge_install': False, 'path': '/home/dragonblade316/Programming/robotics/dummy/serial-ros2', 'symlink_install': True, 'test_result_base': None}
[0.269s] Level 5:colcon.colcon_core.verb:set package 'moveit_config' build argument 'cmake_args' from command line to '['-DCMAKE_EXPORT_COMPILE_COMMANDS=ON']'
[0.269s] Level 5:colcon.colcon_core.verb:set package 'moveit_config' build argument 'cmake_target' from command line to 'None'
[0.269s] Level 5:colcon.colcon_core.verb:set package 'moveit_config' build argument 'cmake_target_skip_unavailable' from command line to 'False'
[0.269s] Level 5:colcon.colcon_core.verb:set package 'moveit_config' build argument 'cmake_clean_cache' from command line to 'False'
[0.269s] Level 5:colcon.colcon_core.verb:set package 'moveit_config' build argument 'cmake_clean_first' from command line to 'False'
[0.269s] Level 5:colcon.colcon_core.verb:set package 'moveit_config' build argument 'cmake_force_configure' from command line to 'False'
[0.269s] Level 5:colcon.colcon_core.verb:set package 'moveit_config' build argument 'ament_cmake_args' from command line to 'None'
[0.269s] Level 5:colcon.colcon_core.verb:set package 'moveit_config' build argument 'catkin_cmake_args' from command line to 'None'
[0.269s] Level 5:colcon.colcon_core.verb:set package 'moveit_config' build argument 'catkin_skip_building_tests' from command line to 'False'
[0.269s] DEBUG:colcon.colcon_core.verb:Building package 'moveit_config' with the following arguments: {'ament_cmake_args': None, 'build_base': '/home/dragonblade316/Programming/robotics/dummy/build_clang/moveit_config', 'catkin_cmake_args': None, 'catkin_skip_building_tests': False, 'cmake_args': ['-DCMAKE_EXPORT_COMPILE_COMMANDS=ON'], 'cmake_clean_cache': False, 'cmake_clean_first': False, 'cmake_force_configure': False, 'cmake_target': None, 'cmake_target_skip_unavailable': False, 'install_base': '/home/dragonblade316/Programming/robotics/dummy/install_clang/moveit_config', 'merge_install': False, 'path': '/home/dragonblade316/Programming/robotics/dummy/moveit_config', 'symlink_install': True, 'test_result_base': None}
[0.270s] INFO:colcon.colcon_core.executor:Executing jobs using 'parallel' executor
[0.270s] DEBUG:colcon.colcon_parallel_executor.executor.parallel:run_until_complete
[0.270s] INFO:colcon.colcon_ros.task.ament_cmake.build:Building ROS package in '/home/dragonblade316/Programming/robotics/dummy/dummy_description' with build type 'ament_cmake'
[0.270s] INFO:colcon.colcon_cmake.task.cmake.build:Building CMake package in '/home/dragonblade316/Programming/robotics/dummy/dummy_description'
[0.272s] INFO:colcon.colcon_core.plugin_system:Skipping extension 'colcon_core.shell.bat': Not used on non-Windows systems
[0.272s] INFO:colcon.colcon_core.shell:Skip shell extension 'powershell' for command environment: Not usable outside of PowerShell
[0.272s] DEBUG:colcon.colcon_core.shell:Skip shell extension 'dsv' for command environment
[0.275s] INFO:colcon.colcon_ros.task.ament_cmake.build:Building ROS package in '/home/dragonblade316/Programming/robotics/dummy/dummy_bringup' with build type 'ament_cmake'
[0.275s] INFO:colcon.colcon_cmake.task.cmake.build:Building CMake package in '/home/dragonblade316/Programming/robotics/dummy/dummy_bringup'
[0.275s] INFO:colcon.colcon_core.shell:Skip shell extension 'powershell' for command environment: Not usable outside of PowerShell
[0.275s] DEBUG:colcon.colcon_core.shell:Skip shell extension 'dsv' for command environment
[0.277s] INFO:colcon.colcon_ros.task.ament_cmake.build:Building ROS package in '/home/dragonblade316/Programming/robotics/dummy/dummy_controller' with build type 'ament_cmake'
[0.277s] INFO:colcon.colcon_cmake.task.cmake.build:Building CMake package in '/home/dragonblade316/Programming/robotics/dummy/dummy_controller'
[0.277s] INFO:colcon.colcon_core.shell:Skip shell extension 'powershell' for command environment: Not usable outside of PowerShell
[0.277s] DEBUG:colcon.colcon_core.shell:Skip shell extension 'dsv' for command environment
[0.279s] INFO:colcon.colcon_ros.task.ament_cmake.build:Building ROS package in '/home/dragonblade316/Programming/robotics/dummy/dummy_hardware' with build type 'ament_cmake'
[0.279s] INFO:colcon.colcon_cmake.task.cmake.build:Building CMake package in '/home/dragonblade316/Programming/robotics/dummy/dummy_hardware'
[0.279s] INFO:colcon.colcon_core.shell:Skip shell extension 'powershell' for command environment: Not usable outside of PowerShell
[0.279s] DEBUG:colcon.colcon_core.shell:Skip shell extension 'dsv' for command environment
[0.281s] INFO:colcon.colcon_ros.task.ament_cmake.build:Building ROS package in '/home/dragonblade316/Programming/robotics/dummy/dummy_joy_control' with build type 'ament_cmake'
[0.281s] INFO:colcon.colcon_cmake.task.cmake.build:Building CMake package in '/home/dragonblade316/Programming/robotics/dummy/dummy_joy_control'
[0.281s] INFO:colcon.colcon_core.shell:Skip shell extension 'powershell' for command environment: Not usable outside of PowerShell
[0.281s] DEBUG:colcon.colcon_core.shell:Skip shell extension 'dsv' for command environment
[0.283s] INFO:colcon.colcon_ros.task.ament_cmake.build:Building ROS package in '/home/dragonblade316/Programming/robotics/dummy/dummy_motion' with build type 'ament_cmake'
[0.283s] INFO:colcon.colcon_cmake.task.cmake.build:Building CMake package in '/home/dragonblade316/Programming/robotics/dummy/dummy_motion'
[0.283s] INFO:colcon.colcon_core.shell:Skip shell extension 'powershell' for command environment: Not usable outside of PowerShell
[0.283s] DEBUG:colcon.colcon_core.shell:Skip shell extension 'dsv' for command environment
[0.286s] INFO:colcon.colcon_ros.task.ament_python.build:Building ROS package in '/home/dragonblade316/Programming/robotics/dummy/dummy_serial' with build type 'ament_python'
[0.286s] Level 1:colcon.colcon_core.shell:create_environment_hook('dummy_serial', 'ament_prefix_path')
[0.286s] INFO:colcon.colcon_core.shell:Creating environment hook '/home/dragonblade316/Programming/robotics/dummy/install_clang/dummy_serial/share/dummy_serial/hook/ament_prefix_path.ps1'
[0.286s] INFO:colcon.colcon_core.shell:Creating environment descriptor '/home/dragonblade316/Programming/robotics/dummy/install_clang/dummy_serial/share/dummy_serial/hook/ament_prefix_path.dsv'
[0.287s] INFO:colcon.colcon_core.shell:Creating environment hook '/home/dragonblade316/Programming/robotics/dummy/install_clang/dummy_serial/share/dummy_serial/hook/ament_prefix_path.sh'
[0.287s] INFO:colcon.colcon_core.shell:Skip shell extension 'powershell' for command environment: Not usable outside of PowerShell
[0.287s] DEBUG:colcon.colcon_core.shell:Skip shell extension 'dsv' for command environment
[0.289s] INFO:colcon.colcon_ros.task.ament_cmake.build:Building ROS package in '/home/dragonblade316/Programming/robotics/dummy/serial-ros2' with build type 'ament_cmake'
[0.289s] INFO:colcon.colcon_cmake.task.cmake.build:Building CMake package in '/home/dragonblade316/Programming/robotics/dummy/serial-ros2'
[0.289s] INFO:colcon.colcon_core.shell:Skip shell extension 'powershell' for command environment: Not usable outside of PowerShell
[0.289s] DEBUG:colcon.colcon_core.shell:Skip shell extension 'dsv' for command environment
[0.295s] DEBUG:colcon.colcon_core.event_handler.log_command:Invoking command in '/home/dragonblade316/Programming/robotics/dummy/build_clang/dummy_description': CMAKE_PREFIX_PATH=${CMAKE_PREFIX_PATH}:/home/dragonblade316/Programming/robotics/dummy/install_clang/dummy_serial:/opt/ros/humble /usr/bin/cmake --build /home/dragonblade316/Programming/robotics/dummy/build_clang/dummy_description -- -j20 -l20
[0.297s] DEBUG:colcon.colcon_core.event_handler.log_command:Invoking command in '/home/dragonblade316/Programming/robotics/dummy/build_clang/dummy_bringup': CMAKE_PREFIX_PATH=${CMAKE_PREFIX_PATH}:/home/dragonblade316/Programming/robotics/dummy/install_clang/dummy_serial:/opt/ros/humble /usr/bin/cmake --build /home/dragonblade316/Programming/robotics/dummy/build_clang/dummy_bringup -- -j20 -l20
[0.298s] DEBUG:colcon.colcon_core.event_handler.log_command:Invoking command in '/home/dragonblade316/Programming/robotics/dummy/build_clang/dummy_controller': CMAKE_PREFIX_PATH=${CMAKE_PREFIX_PATH}:/home/dragonblade316/Programming/robotics/dummy/install_clang/dummy_serial:/opt/ros/humble /usr/bin/cmake --build /home/dragonblade316/Programming/robotics/dummy/build_clang/dummy_controller -- -j20 -l20
[0.300s] DEBUG:colcon.colcon_core.event_handler.log_command:Invoking command in '/home/dragonblade316/Programming/robotics/dummy/build_clang/dummy_hardware': CMAKE_PREFIX_PATH=${CMAKE_PREFIX_PATH}:/home/dragonblade316/Programming/robotics/dummy/install_clang/dummy_serial:/opt/ros/humble /usr/bin/cmake --build /home/dragonblade316/Programming/robotics/dummy/build_clang/dummy_hardware -- -j20 -l20
[0.301s] DEBUG:colcon.colcon_core.event_handler.log_command:Invoking command in '/home/dragonblade316/Programming/robotics/dummy/build_clang/dummy_joy_control': CMAKE_PREFIX_PATH=${CMAKE_PREFIX_PATH}:/home/dragonblade316/Programming/robotics/dummy/install_clang/dummy_serial:/opt/ros/humble /usr/bin/cmake --build /home/dragonblade316/Programming/robotics/dummy/build_clang/dummy_joy_control -- -j20 -l20
[0.304s] DEBUG:colcon.colcon_core.event_handler.log_command:Invoking command in '/home/dragonblade316/Programming/robotics/dummy/build_clang/dummy_motion': CMAKE_PREFIX_PATH=${CMAKE_PREFIX_PATH}:/home/dragonblade316/Programming/robotics/dummy/install_clang/dummy_serial:/opt/ros/humble /usr/bin/cmake --build /home/dragonblade316/Programming/robotics/dummy/build_clang/dummy_motion -- -j20 -l20
[0.460s] INFO:colcon.colcon_core.task.python.build:Building Python package in '/home/dragonblade316/Programming/robotics/dummy/dummy_serial'
[0.460s] INFO:colcon.colcon_core.shell:Skip shell extension 'powershell' for command environment: Not usable outside of PowerShell
[0.460s] DEBUG:colcon.colcon_core.shell:Skip shell extension 'dsv' for command environment
[0.468s] DEBUG:colcon.colcon_core.event_handler.log_command:Invoking command in '/home/dragonblade316/Programming/robotics/dummy/build_clang/serial': CMAKE_PREFIX_PATH=${CMAKE_PREFIX_PATH}:/home/dragonblade316/Programming/robotics/dummy/install_clang/dummy_serial:/opt/ros/humble /usr/bin/cmake --build /home/dragonblade316/Programming/robotics/dummy/build_clang/serial -- -j20 -l20
[0.468s] DEBUG:colcon.colcon_core.event_handler.log_command:Invoked command in '/home/dragonblade316/Programming/robotics/dummy/build_clang/dummy_description' returned '0': CMAKE_PREFIX_PATH=${CMAKE_PREFIX_PATH}:/home/dragonblade316/Programming/robotics/dummy/install_clang/dummy_serial:/opt/ros/humble /usr/bin/cmake --build /home/dragonblade316/Programming/robotics/dummy/build_clang/dummy_description -- -j20 -l20
[0.476s] DEBUG:colcon.colcon_core.event_handler.log_command:Invoking command in '/home/dragonblade316/Programming/robotics/dummy/build_clang/dummy_description': CMAKE_PREFIX_PATH=${CMAKE_PREFIX_PATH}:/home/dragonblade316/Programming/robotics/dummy/install_clang/dummy_serial:/opt/ros/humble /usr/bin/cmake --install /home/dragonblade316/Programming/robotics/dummy/build_clang/dummy_description
[0.476s] DEBUG:colcon.colcon_core.event_handler.log_command:Invoked command in '/home/dragonblade316/Programming/robotics/dummy/build_clang/dummy_bringup' returned '0': CMAKE_PREFIX_PATH=${CMAKE_PREFIX_PATH}:/home/dragonblade316/Programming/robotics/dummy/install_clang/dummy_serial:/opt/ros/humble /usr/bin/cmake --build /home/dragonblade316/Programming/robotics/dummy/build_clang/dummy_bringup -- -j20 -l20
[0.477s] DEBUG:colcon.colcon_core.event_handler.log_command:Invoking command in '/home/dragonblade316/Programming/robotics/dummy/build_clang/dummy_bringup': CMAKE_PREFIX_PATH=${CMAKE_PREFIX_PATH}:/home/dragonblade316/Programming/robotics/dummy/install_clang/dummy_serial:/opt/ros/humble /usr/bin/cmake --install /home/dragonblade316/Programming/robotics/dummy/build_clang/dummy_bringup
[0.478s] DEBUG:colcon.colcon_core.event_handler.log_command:Invoked command in '/home/dragonblade316/Programming/robotics/dummy/build_clang/dummy_joy_control' returned '0': CMAKE_PREFIX_PATH=${CMAKE_PREFIX_PATH}:/home/dragonblade316/Programming/robotics/dummy/install_clang/dummy_serial:/opt/ros/humble /usr/bin/cmake --build /home/dragonblade316/Programming/robotics/dummy/build_clang/dummy_joy_control -- -j20 -l20
[0.479s] DEBUG:colcon.colcon_core.event_handler.log_command:Invoking command in '/home/dragonblade316/Programming/robotics/dummy/build_clang/dummy_joy_control': CMAKE_PREFIX_PATH=${CMAKE_PREFIX_PATH}:/home/dragonblade316/Programming/robotics/dummy/install_clang/dummy_serial:/opt/ros/humble /usr/bin/cmake --install /home/dragonblade316/Programming/robotics/dummy/build_clang/dummy_joy_control
[0.479s] DEBUG:colcon.colcon_core.event_handler.log_command:Invoked command in '/home/dragonblade316/Programming/robotics/dummy/build_clang/dummy_motion' returned '0': CMAKE_PREFIX_PATH=${CMAKE_PREFIX_PATH}:/home/dragonblade316/Programming/robotics/dummy/install_clang/dummy_serial:/opt/ros/humble /usr/bin/cmake --build /home/dragonblade316/Programming/robotics/dummy/build_clang/dummy_motion -- -j20 -l20
[0.480s] DEBUG:colcon.colcon_core.event_handler.log_command:Invoking command in '/home/dragonblade316/Programming/robotics/dummy/build_clang/dummy_motion': CMAKE_PREFIX_PATH=${CMAKE_PREFIX_PATH}:/home/dragonblade316/Programming/robotics/dummy/install_clang/dummy_serial:/opt/ros/humble /usr/bin/cmake --install /home/dragonblade316/Programming/robotics/dummy/build_clang/dummy_motion
[0.481s] DEBUG:colcon.colcon_core.event_handler.log_command:Invoked command in '/home/dragonblade316/Programming/robotics/dummy/build_clang/dummy_controller' returned '0': CMAKE_PREFIX_PATH=${CMAKE_PREFIX_PATH}:/home/dragonblade316/Programming/robotics/dummy/install_clang/dummy_serial:/opt/ros/humble /usr/bin/cmake --build /home/dragonblade316/Programming/robotics/dummy/build_clang/dummy_controller -- -j20 -l20
[0.482s] DEBUG:colcon.colcon_core.event_handler.log_command:Invoking command in '/home/dragonblade316/Programming/robotics/dummy/build_clang/dummy_controller': CMAKE_PREFIX_PATH=${CMAKE_PREFIX_PATH}:/home/dragonblade316/Programming/robotics/dummy/install_clang/dummy_serial:/opt/ros/humble /usr/bin/cmake --install /home/dragonblade316/Programming/robotics/dummy/build_clang/dummy_controller
[0.488s] Level 1:colcon.colcon_core.environment:create_environment_scripts_only(dummy_description)
[0.491s] Level 1:colcon.colcon_core.environment:checking '/home/dragonblade316/Programming/robotics/dummy/install_clang/dummy_description' for CMake module files
[0.494s] DEBUG:colcon.colcon_core.event_handler.log_command:Invoked command in '/home/dragonblade316/Programming/robotics/dummy/build_clang/dummy_description' returned '0': CMAKE_PREFIX_PATH=${CMAKE_PREFIX_PATH}:/home/dragonblade316/Programming/robotics/dummy/install_clang/dummy_serial:/opt/ros/humble /usr/bin/cmake --install /home/dragonblade316/Programming/robotics/dummy/build_clang/dummy_description
[0.494s] Level 1:colcon.colcon_core.environment:checking '/home/dragonblade316/Programming/robotics/dummy/install_clang/dummy_description' for CMake config files
[0.495s] Level 1:colcon.colcon_core.shell:create_environment_hook('dummy_description', 'cmake_prefix_path')
[0.495s] INFO:colcon.colcon_core.shell:Creating environment hook '/home/dragonblade316/Programming/robotics/dummy/install_clang/dummy_description/share/dummy_description/hook/cmake_prefix_path.ps1'
[0.495s] INFO:colcon.colcon_core.shell:Creating environment descriptor '/home/dragonblade316/Programming/robotics/dummy/install_clang/dummy_description/share/dummy_description/hook/cmake_prefix_path.dsv'
[0.496s] INFO:colcon.colcon_core.shell:Creating environment hook '/home/dragonblade316/Programming/robotics/dummy/install_clang/dummy_description/share/dummy_description/hook/cmake_prefix_path.sh'
[0.496s] Level 1:colcon.colcon_core.environment:checking '/home/dragonblade316/Programming/robotics/dummy/install_clang/dummy_description/bin'
[0.496s] Level 1:colcon.colcon_core.environment:checking '/home/dragonblade316/Programming/robotics/dummy/install_clang/dummy_description/lib/pkgconfig/dummy_description.pc'
[0.497s] Level 1:colcon.colcon_core.environment:checking '/home/dragonblade316/Programming/robotics/dummy/install_clang/dummy_description/lib/python3.10/site-packages'
[0.497s] Level 1:colcon.colcon_core.environment:checking '/home/dragonblade316/Programming/robotics/dummy/install_clang/dummy_description/bin'
[0.497s] INFO:colcon.colcon_core.shell:Creating package script '/home/dragonblade316/Programming/robotics/dummy/install_clang/dummy_description/share/dummy_description/package.ps1'
[0.498s] INFO:colcon.colcon_core.shell:Creating package descriptor '/home/dragonblade316/Programming/robotics/dummy/install_clang/dummy_description/share/dummy_description/package.dsv'
[0.498s] INFO:colcon.colcon_core.shell:Creating package script '/home/dragonblade316/Programming/robotics/dummy/install_clang/dummy_description/share/dummy_description/package.sh'
[0.499s] INFO:colcon.colcon_core.shell:Creating package script '/home/dragonblade316/Programming/robotics/dummy/install_clang/dummy_description/share/dummy_description/package.bash'
[0.499s] INFO:colcon.colcon_core.shell:Creating package script '/home/dragonblade316/Programming/robotics/dummy/install_clang/dummy_description/share/dummy_description/package.zsh'
[0.500s] Level 1:colcon.colcon_core.environment:create_file_with_runtime_dependencies(/home/dragonblade316/Programming/robotics/dummy/install_clang/dummy_description/share/colcon-core/packages/dummy_description)
[0.500s] Level 1:colcon.colcon_core.environment:create_environment_scripts_only(dummy_description)
[0.500s] Level 1:colcon.colcon_core.environment:checking '/home/dragonblade316/Programming/robotics/dummy/install_clang/dummy_description' for CMake module files
[0.501s] Level 1:colcon.colcon_core.environment:checking '/home/dragonblade316/Programming/robotics/dummy/install_clang/dummy_description' for CMake config files
[0.501s] Level 1:colcon.colcon_core.shell:create_environment_hook('dummy_description', 'cmake_prefix_path')
[0.501s] INFO:colcon.colcon_core.shell:Creating environment hook '/home/dragonblade316/Programming/robotics/dummy/install_clang/dummy_description/share/dummy_description/hook/cmake_prefix_path.ps1'
[0.502s] INFO:colcon.colcon_core.shell:Creating environment descriptor '/home/dragonblade316/Programming/robotics/dummy/install_clang/dummy_description/share/dummy_description/hook/cmake_prefix_path.dsv'
[0.502s] INFO:colcon.colcon_core.shell:Creating environment hook '/home/dragonblade316/Programming/robotics/dummy/install_clang/dummy_description/share/dummy_description/hook/cmake_prefix_path.sh'
[0.502s] Level 1:colcon.colcon_core.environment:checking '/home/dragonblade316/Programming/robotics/dummy/install_clang/dummy_description/bin'
[0.502s] Level 1:colcon.colcon_core.environment:checking '/home/dragonblade316/Programming/robotics/dummy/install_clang/dummy_description/lib/pkgconfig/dummy_description.pc'
[0.502s] Level 1:colcon.colcon_core.environment:checking '/home/dragonblade316/Programming/robotics/dummy/install_clang/dummy_description/lib/python3.10/site-packages'
[0.503s] Level 1:colcon.colcon_core.environment:checking '/home/dragonblade316/Programming/robotics/dummy/install_clang/dummy_description/bin'
[0.503s] INFO:colcon.colcon_core.shell:Creating package script '/home/dragonblade316/Programming/robotics/dummy/install_clang/dummy_description/share/dummy_description/package.ps1'
[0.503s] INFO:colcon.colcon_core.shell:Creating package descriptor '/home/dragonblade316/Programming/robotics/dummy/install_clang/dummy_description/share/dummy_description/package.dsv'
[0.504s] INFO:colcon.colcon_core.shell:Creating package script '/home/dragonblade316/Programming/robotics/dummy/install_clang/dummy_description/share/dummy_description/package.sh'
[0.504s] INFO:colcon.colcon_core.shell:Creating package script '/home/dragonblade316/Programming/robotics/dummy/install_clang/dummy_description/share/dummy_description/package.bash'
[0.504s] INFO:colcon.colcon_core.shell:Creating package script '/home/dragonblade316/Programming/robotics/dummy/install_clang/dummy_description/share/dummy_description/package.zsh'
[0.505s] Level 1:colcon.colcon_core.environment:create_file_with_runtime_dependencies(/home/dragonblade316/Programming/robotics/dummy/install_clang/dummy_description/share/colcon-core/packages/dummy_description)
[0.505s] INFO:colcon.colcon_ros.task.ament_cmake.build:Building ROS package in '/home/dragonblade316/Programming/robotics/dummy/moveit_config' with build type 'ament_cmake'
[0.505s] INFO:colcon.colcon_cmake.task.cmake.build:Building CMake package in '/home/dragonblade316/Programming/robotics/dummy/moveit_config'
[0.505s] INFO:colcon.colcon_core.shell:Skip shell extension 'powershell' for command environment: Not usable outside of PowerShell
[0.505s] DEBUG:colcon.colcon_core.shell:Skip shell extension 'dsv' for command environment
[0.510s] Level 1:colcon.colcon_core.environment:create_environment_scripts_only(dummy_bringup)
[0.510s] Level 1:colcon.colcon_core.environment:checking '/home/dragonblade316/Programming/robotics/dummy/install_clang/dummy_bringup' for CMake module files
[0.510s] DEBUG:colcon.colcon_core.event_handler.log_command:Invoked command in '/home/dragonblade316/Programming/robotics/dummy/build_clang/dummy_bringup' returned '0': CMAKE_PREFIX_PATH=${CMAKE_PREFIX_PATH}:/home/dragonblade316/Programming/robotics/dummy/install_clang/dummy_serial:/opt/ros/humble /usr/bin/cmake --install /home/dragonblade316/Programming/robotics/dummy/build_clang/dummy_bringup
[0.511s] Level 1:colcon.colcon_core.environment:checking '/home/dragonblade316/Programming/robotics/dummy/install_clang/dummy_bringup' for CMake config files
[0.511s] Level 1:colcon.colcon_core.shell:create_environment_hook('dummy_bringup', 'cmake_prefix_path')
[0.511s] INFO:colcon.colcon_core.shell:Creating environment hook '/home/dragonblade316/Programming/robotics/dummy/install_clang/dummy_bringup/share/dummy_bringup/hook/cmake_prefix_path.ps1'
[0.511s] INFO:colcon.colcon_core.shell:Creating environment descriptor '/home/dragonblade316/Programming/robotics/dummy/install_clang/dummy_bringup/share/dummy_bringup/hook/cmake_prefix_path.dsv'
[0.511s] INFO:colcon.colcon_core.shell:Creating environment hook '/home/dragonblade316/Programming/robotics/dummy/install_clang/dummy_bringup/share/dummy_bringup/hook/cmake_prefix_path.sh'
[0.511s] Level 1:colcon.colcon_core.environment:checking '/home/dragonblade316/Programming/robotics/dummy/install_clang/dummy_bringup/bin'
[0.511s] Level 1:colcon.colcon_core.environment:checking '/home/dragonblade316/Programming/robotics/dummy/install_clang/dummy_bringup/lib/pkgconfig/dummy_bringup.pc'
[0.512s] Level 1:colcon.colcon_core.environment:checking '/home/dragonblade316/Programming/robotics/dummy/install_clang/dummy_bringup/lib/python3.10/site-packages'
[0.512s] Level 1:colcon.colcon_core.environment:checking '/home/dragonblade316/Programming/robotics/dummy/install_clang/dummy_bringup/bin'
[0.512s] INFO:colcon.colcon_core.shell:Creating package script '/home/dragonblade316/Programming/robotics/dummy/install_clang/dummy_bringup/share/dummy_bringup/package.ps1'
[0.512s] INFO:colcon.colcon_core.shell:Creating package descriptor '/home/dragonblade316/Programming/robotics/dummy/install_clang/dummy_bringup/share/dummy_bringup/package.dsv'
[0.512s] INFO:colcon.colcon_core.shell:Creating package script '/home/dragonblade316/Programming/robotics/dummy/install_clang/dummy_bringup/share/dummy_bringup/package.sh'
[0.512s] INFO:colcon.colcon_core.shell:Creating package script '/home/dragonblade316/Programming/robotics/dummy/install_clang/dummy_bringup/share/dummy_bringup/package.bash'
[0.513s] INFO:colcon.colcon_core.shell:Creating package script '/home/dragonblade316/Programming/robotics/dummy/install_clang/dummy_bringup/share/dummy_bringup/package.zsh'
[0.513s] Level 1:colcon.colcon_core.environment:create_file_with_runtime_dependencies(/home/dragonblade316/Programming/robotics/dummy/install_clang/dummy_bringup/share/colcon-core/packages/dummy_bringup)
[0.513s] Level 1:colcon.colcon_core.environment:create_environment_scripts_only(dummy_bringup)
[0.513s] Level 1:colcon.colcon_core.environment:checking '/home/dragonblade316/Programming/robotics/dummy/install_clang/dummy_bringup' for CMake module files
[0.513s] Level 1:colcon.colcon_core.environment:checking '/home/dragonblade316/Programming/robotics/dummy/install_clang/dummy_bringup' for CMake config files
[0.514s] Level 1:colcon.colcon_core.shell:create_environment_hook('dummy_bringup', 'cmake_prefix_path')
[0.514s] INFO:colcon.colcon_core.shell:Creating environment hook '/home/dragonblade316/Programming/robotics/dummy/install_clang/dummy_bringup/share/dummy_bringup/hook/cmake_prefix_path.ps1'
[0.514s] INFO:colcon.colcon_core.shell:Creating environment descriptor '/home/dragonblade316/Programming/robotics/dummy/install_clang/dummy_bringup/share/dummy_bringup/hook/cmake_prefix_path.dsv'
[0.514s] INFO:colcon.colcon_core.shell:Creating environment hook '/home/dragonblade316/Programming/robotics/dummy/install_clang/dummy_bringup/share/dummy_bringup/hook/cmake_prefix_path.sh'
[0.514s] Level 1:colcon.colcon_core.environment:checking '/home/dragonblade316/Programming/robotics/dummy/install_clang/dummy_bringup/bin'
[0.514s] Level 1:colcon.colcon_core.environment:checking '/home/dragonblade316/Programming/robotics/dummy/install_clang/dummy_bringup/lib/pkgconfig/dummy_bringup.pc'
[0.514s] Level 1:colcon.colcon_core.environment:checking '/home/dragonblade316/Programming/robotics/dummy/install_clang/dummy_bringup/lib/python3.10/site-packages'
[0.515s] Level 1:colcon.colcon_core.environment:checking '/home/dragonblade316/Programming/robotics/dummy/install_clang/dummy_bringup/bin'
[0.515s] INFO:colcon.colcon_core.shell:Creating package script '/home/dragonblade316/Programming/robotics/dummy/install_clang/dummy_bringup/share/dummy_bringup/package.ps1'
[0.515s] INFO:colcon.colcon_core.shell:Creating package descriptor '/home/dragonblade316/Programming/robotics/dummy/install_clang/dummy_bringup/share/dummy_bringup/package.dsv'
[0.515s] INFO:colcon.colcon_core.shell:Creating package script '/home/dragonblade316/Programming/robotics/dummy/install_clang/dummy_bringup/share/dummy_bringup/package.sh'
[0.515s] INFO:colcon.colcon_core.shell:Creating package script '/home/dragonblade316/Programming/robotics/dummy/install_clang/dummy_bringup/share/dummy_bringup/package.bash'
[0.515s] INFO:colcon.colcon_core.shell:Creating package script '/home/dragonblade316/Programming/robotics/dummy/install_clang/dummy_bringup/share/dummy_bringup/package.zsh'
[0.516s] Level 1:colcon.colcon_core.environment:create_file_with_runtime_dependencies(/home/dragonblade316/Programming/robotics/dummy/install_clang/dummy_bringup/share/colcon-core/packages/dummy_bringup)
[0.516s] Level 1:colcon.colcon_core.environment:create_environment_scripts_only(dummy_joy_control)
[0.516s] Level 1:colcon.colcon_core.environment:checking '/home/dragonblade316/Programming/robotics/dummy/install_clang/dummy_joy_control' for CMake module files
[0.516s] DEBUG:colcon.colcon_core.event_handler.log_command:Invoked command in '/home/dragonblade316/Programming/robotics/dummy/build_clang/dummy_joy_control' returned '0': CMAKE_PREFIX_PATH=${CMAKE_PREFIX_PATH}:/home/dragonblade316/Programming/robotics/dummy/install_clang/dummy_serial:/opt/ros/humble /usr/bin/cmake --install /home/dragonblade316/Programming/robotics/dummy/build_clang/dummy_joy_control
[0.516s] Level 1:colcon.colcon_core.environment:checking '/home/dragonblade316/Programming/robotics/dummy/install_clang/dummy_joy_control' for CMake config files
[0.516s] Level 1:colcon.colcon_core.shell:create_environment_hook('dummy_joy_control', 'cmake_prefix_path')
[0.517s] INFO:colcon.colcon_core.shell:Creating environment hook '/home/dragonblade316/Programming/robotics/dummy/install_clang/dummy_joy_control/share/dummy_joy_control/hook/cmake_prefix_path.ps1'
[0.517s] INFO:colcon.colcon_core.shell:Creating environment descriptor '/home/dragonblade316/Programming/robotics/dummy/install_clang/dummy_joy_control/share/dummy_joy_control/hook/cmake_prefix_path.dsv'
[0.517s] INFO:colcon.colcon_core.shell:Creating environment hook '/home/dragonblade316/Programming/robotics/dummy/install_clang/dummy_joy_control/share/dummy_joy_control/hook/cmake_prefix_path.sh'
[0.517s] Level 1:colcon.colcon_core.environment:checking '/home/dragonblade316/Programming/robotics/dummy/install_clang/dummy_joy_control/lib'
[0.517s] Level 1:colcon.colcon_core.environment:checking '/home/dragonblade316/Programming/robotics/dummy/install_clang/dummy_joy_control/bin'
[0.517s] Level 1:colcon.colcon_core.environment:checking '/home/dragonblade316/Programming/robotics/dummy/install_clang/dummy_joy_control/lib/pkgconfig/dummy_joy_control.pc'
[0.517s] Level 1:colcon.colcon_core.environment:checking '/home/dragonblade316/Programming/robotics/dummy/install_clang/dummy_joy_control/lib/python3.10/site-packages'
[0.517s] Level 1:colcon.colcon_core.environment:checking '/home/dragonblade316/Programming/robotics/dummy/install_clang/dummy_joy_control/bin'
[0.518s] INFO:colcon.colcon_core.shell:Creating package script '/home/dragonblade316/Programming/robotics/dummy/install_clang/dummy_joy_control/share/dummy_joy_control/package.ps1'
[0.518s] INFO:colcon.colcon_core.shell:Creating package descriptor '/home/dragonblade316/Programming/robotics/dummy/install_clang/dummy_joy_control/share/dummy_joy_control/package.dsv'
[0.518s] INFO:colcon.colcon_core.shell:Creating package script '/home/dragonblade316/Programming/robotics/dummy/install_clang/dummy_joy_control/share/dummy_joy_control/package.sh'
[0.518s] INFO:colcon.colcon_core.shell:Creating package script '/home/dragonblade316/Programming/robotics/dummy/install_clang/dummy_joy_control/share/dummy_joy_control/package.bash'
[0.518s] INFO:colcon.colcon_core.shell:Creating package script '/home/dragonblade316/Programming/robotics/dummy/install_clang/dummy_joy_control/share/dummy_joy_control/package.zsh'
[0.518s] Level 1:colcon.colcon_core.environment:create_file_with_runtime_dependencies(/home/dragonblade316/Programming/robotics/dummy/install_clang/dummy_joy_control/share/colcon-core/packages/dummy_joy_control)
[0.519s] Level 1:colcon.colcon_core.environment:create_environment_scripts_only(dummy_joy_control)
[0.519s] Level 1:colcon.colcon_core.environment:checking '/home/dragonblade316/Programming/robotics/dummy/install_clang/dummy_joy_control' for CMake module files
[0.519s] Level 1:colcon.colcon_core.environment:checking '/home/dragonblade316/Programming/robotics/dummy/install_clang/dummy_joy_control' for CMake config files
[0.519s] Level 1:colcon.colcon_core.shell:create_environment_hook('dummy_joy_control', 'cmake_prefix_path')
[0.519s] INFO:colcon.colcon_core.shell:Creating environment hook '/home/dragonblade316/Programming/robotics/dummy/install_clang/dummy_joy_control/share/dummy_joy_control/hook/cmake_prefix_path.ps1'
[0.519s] INFO:colcon.colcon_core.shell:Creating environment descriptor '/home/dragonblade316/Programming/robotics/dummy/install_clang/dummy_joy_control/share/dummy_joy_control/hook/cmake_prefix_path.dsv'
[0.519s] INFO:colcon.colcon_core.shell:Creating environment hook '/home/dragonblade316/Programming/robotics/dummy/install_clang/dummy_joy_control/share/dummy_joy_control/hook/cmake_prefix_path.sh'
[0.520s] Level 1:colcon.colcon_core.environment:checking '/home/dragonblade316/Programming/robotics/dummy/install_clang/dummy_joy_control/lib'
[0.520s] Level 1:colcon.colcon_core.environment:checking '/home/dragonblade316/Programming/robotics/dummy/install_clang/dummy_joy_control/bin'
[0.520s] Level 1:colcon.colcon_core.environment:checking '/home/dragonblade316/Programming/robotics/dummy/install_clang/dummy_joy_control/lib/pkgconfig/dummy_joy_control.pc'
[0.520s] Level 1:colcon.colcon_core.environment:checking '/home/dragonblade316/Programming/robotics/dummy/install_clang/dummy_joy_control/lib/python3.10/site-packages'
[0.520s] Level 1:colcon.colcon_core.environment:checking '/home/dragonblade316/Programming/robotics/dummy/install_clang/dummy_joy_control/bin'
[0.520s] INFO:colcon.colcon_core.shell:Creating package script '/home/dragonblade316/Programming/robotics/dummy/install_clang/dummy_joy_control/share/dummy_joy_control/package.ps1'
[0.520s] INFO:colcon.colcon_core.shell:Creating package descriptor '/home/dragonblade316/Programming/robotics/dummy/install_clang/dummy_joy_control/share/dummy_joy_control/package.dsv'
[0.520s] INFO:colcon.colcon_core.shell:Creating package script '/home/dragonblade316/Programming/robotics/dummy/install_clang/dummy_joy_control/share/dummy_joy_control/package.sh'
[0.520s] INFO:colcon.colcon_core.shell:Creating package script '/home/dragonblade316/Programming/robotics/dummy/install_clang/dummy_joy_control/share/dummy_joy_control/package.bash'
[0.521s] INFO:colcon.colcon_core.shell:Creating package script '/home/dragonblade316/Programming/robotics/dummy/install_clang/dummy_joy_control/share/dummy_joy_control/package.zsh'
[0.521s] Level 1:colcon.colcon_core.environment:create_file_with_runtime_dependencies(/home/dragonblade316/Programming/robotics/dummy/install_clang/dummy_joy_control/share/colcon-core/packages/dummy_joy_control)
[0.521s] Level 1:colcon.colcon_core.environment:create_environment_scripts_only(dummy_controller)
[0.521s] Level 1:colcon.colcon_core.environment:checking '/home/dragonblade316/Programming/robotics/dummy/install_clang/dummy_controller' for CMake module files
[0.521s] DEBUG:colcon.colcon_core.event_handler.log_command:Invoked command in '/home/dragonblade316/Programming/robotics/dummy/build_clang/dummy_controller' returned '0': CMAKE_PREFIX_PATH=${CMAKE_PREFIX_PATH}:/home/dragonblade316/Programming/robotics/dummy/install_clang/dummy_serial:/opt/ros/humble /usr/bin/cmake --install /home/dragonblade316/Programming/robotics/dummy/build_clang/dummy_controller
[0.522s] Level 1:colcon.colcon_core.environment:checking '/home/dragonblade316/Programming/robotics/dummy/install_clang/dummy_controller' for CMake config files
[0.522s] Level 1:colcon.colcon_core.shell:create_environment_hook('dummy_controller', 'cmake_prefix_path')
[0.522s] INFO:colcon.colcon_core.shell:Creating environment hook '/home/dragonblade316/Programming/robotics/dummy/install_clang/dummy_controller/share/dummy_controller/hook/cmake_prefix_path.ps1'
[0.522s] INFO:colcon.colcon_core.shell:Creating environment descriptor '/home/dragonblade316/Programming/robotics/dummy/install_clang/dummy_controller/share/dummy_controller/hook/cmake_prefix_path.dsv'
[0.522s] INFO:colcon.colcon_core.shell:Creating environment hook '/home/dragonblade316/Programming/robotics/dummy/install_clang/dummy_controller/share/dummy_controller/hook/cmake_prefix_path.sh'
[0.522s] Level 1:colcon.colcon_core.environment:checking '/home/dragonblade316/Programming/robotics/dummy/install_clang/dummy_controller/lib'
[0.522s] Level 1:colcon.colcon_core.environment:checking '/home/dragonblade316/Programming/robotics/dummy/install_clang/dummy_controller/bin'
[0.522s] Level 1:colcon.colcon_core.environment:checking '/home/dragonblade316/Programming/robotics/dummy/install_clang/dummy_controller/lib/pkgconfig/dummy_controller.pc'
[0.522s] Level 1:colcon.colcon_core.environment:checking '/home/dragonblade316/Programming/robotics/dummy/install_clang/dummy_controller/lib/python3.10/site-packages'
[0.523s] Level 1:colcon.colcon_core.environment:checking '/home/dragonblade316/Programming/robotics/dummy/install_clang/dummy_controller/bin'
[0.523s] INFO:colcon.colcon_core.shell:Creating package script '/home/dragonblade316/Programming/robotics/dummy/install_clang/dummy_controller/share/dummy_controller/package.ps1'
[0.523s] INFO:colcon.colcon_core.shell:Creating package descriptor '/home/dragonblade316/Programming/robotics/dummy/install_clang/dummy_controller/share/dummy_controller/package.dsv'
[0.523s] INFO:colcon.colcon_core.shell:Creating package script '/home/dragonblade316/Programming/robotics/dummy/install_clang/dummy_controller/share/dummy_controller/package.sh'
[0.523s] INFO:colcon.colcon_core.shell:Creating package script '/home/dragonblade316/Programming/robotics/dummy/install_clang/dummy_controller/share/dummy_controller/package.bash'
[0.523s] INFO:colcon.colcon_core.shell:Creating package script '/home/dragonblade316/Programming/robotics/dummy/install_clang/dummy_controller/share/dummy_controller/package.zsh'
[0.523s] Level 1:colcon.colcon_core.environment:create_file_with_runtime_dependencies(/home/dragonblade316/Programming/robotics/dummy/install_clang/dummy_controller/share/colcon-core/packages/dummy_controller)
[0.524s] Level 1:colcon.colcon_core.environment:create_environment_scripts_only(dummy_controller)
[0.524s] Level 1:colcon.colcon_core.environment:checking '/home/dragonblade316/Programming/robotics/dummy/install_clang/dummy_controller' for CMake module files
[0.524s] Level 1:colcon.colcon_core.environment:checking '/home/dragonblade316/Programming/robotics/dummy/install_clang/dummy_controller' for CMake config files
[0.524s] Level 1:colcon.colcon_core.shell:create_environment_hook('dummy_controller', 'cmake_prefix_path')
[0.524s] INFO:colcon.colcon_core.shell:Creating environment hook '/home/dragonblade316/Programming/robotics/dummy/install_clang/dummy_controller/share/dummy_controller/hook/cmake_prefix_path.ps1'
[0.524s] INFO:colcon.colcon_core.shell:Creating environment descriptor '/home/dragonblade316/Programming/robotics/dummy/install_clang/dummy_controller/share/dummy_controller/hook/cmake_prefix_path.dsv'
[0.524s] INFO:colcon.colcon_core.shell:Creating environment hook '/home/dragonblade316/Programming/robotics/dummy/install_clang/dummy_controller/share/dummy_controller/hook/cmake_prefix_path.sh'
[0.525s] Level 1:colcon.colcon_core.environment:checking '/home/dragonblade316/Programming/robotics/dummy/install_clang/dummy_controller/lib'
[0.525s] Level 1:colcon.colcon_core.environment:checking '/home/dragonblade316/Programming/robotics/dummy/install_clang/dummy_controller/bin'
[0.525s] Level 1:colcon.colcon_core.environment:checking '/home/dragonblade316/Programming/robotics/dummy/install_clang/dummy_controller/lib/pkgconfig/dummy_controller.pc'
[0.525s] Level 1:colcon.colcon_core.environment:checking '/home/dragonblade316/Programming/robotics/dummy/install_clang/dummy_controller/lib/python3.10/site-packages'
[0.525s] Level 1:colcon.colcon_core.environment:checking '/home/dragonblade316/Programming/robotics/dummy/install_clang/dummy_controller/bin'
[0.525s] INFO:colcon.colcon_core.shell:Creating package script '/home/dragonblade316/Programming/robotics/dummy/install_clang/dummy_controller/share/dummy_controller/package.ps1'
[0.525s] INFO:colcon.colcon_core.shell:Creating package descriptor '/home/dragonblade316/Programming/robotics/dummy/install_clang/dummy_controller/share/dummy_controller/package.dsv'
[0.526s] INFO:colcon.colcon_core.shell:Creating package script '/home/dragonblade316/Programming/robotics/dummy/install_clang/dummy_controller/share/dummy_controller/package.sh'
[0.526s] INFO:colcon.colcon_core.shell:Creating package script '/home/dragonblade316/Programming/robotics/dummy/install_clang/dummy_controller/share/dummy_controller/package.bash'
[0.526s] INFO:colcon.colcon_core.shell:Creating package script '/home/dragonblade316/Programming/robotics/dummy/install_clang/dummy_controller/share/dummy_controller/package.zsh'
[0.526s] Level 1:colcon.colcon_core.environment:create_file_with_runtime_dependencies(/home/dragonblade316/Programming/robotics/dummy/install_clang/dummy_controller/share/colcon-core/packages/dummy_controller)
[0.526s] Level 1:colcon.colcon_core.environment:create_environment_scripts_only(dummy_motion)
[0.526s] Level 1:colcon.colcon_core.environment:checking '/home/dragonblade316/Programming/robotics/dummy/install_clang/dummy_motion' for CMake module files
[0.527s] DEBUG:colcon.colcon_core.event_handler.log_command:Invoked command in '/home/dragonblade316/Programming/robotics/dummy/build_clang/dummy_motion' returned '0': CMAKE_PREFIX_PATH=${CMAKE_PREFIX_PATH}:/home/dragonblade316/Programming/robotics/dummy/install_clang/dummy_serial:/opt/ros/humble /usr/bin/cmake --install /home/dragonblade316/Programming/robotics/dummy/build_clang/dummy_motion
[0.527s] Level 1:colcon.colcon_core.environment:checking '/home/dragonblade316/Programming/robotics/dummy/install_clang/dummy_motion' for CMake config files
[0.527s] Level 1:colcon.colcon_core.shell:create_environment_hook('dummy_motion', 'cmake_prefix_path')
[0.527s] INFO:colcon.colcon_core.shell:Creating environment hook '/home/dragonblade316/Programming/robotics/dummy/install_clang/dummy_motion/share/dummy_motion/hook/cmake_prefix_path.ps1'
[0.527s] INFO:colcon.colcon_core.shell:Creating environment descriptor '/home/dragonblade316/Programming/robotics/dummy/install_clang/dummy_motion/share/dummy_motion/hook/cmake_prefix_path.dsv'
[0.527s] INFO:colcon.colcon_core.shell:Creating environment hook '/home/dragonblade316/Programming/robotics/dummy/install_clang/dummy_motion/share/dummy_motion/hook/cmake_prefix_path.sh'
[0.527s] Level 1:colcon.colcon_core.environment:checking '/home/dragonblade316/Programming/robotics/dummy/install_clang/dummy_motion/bin'
[0.527s] Level 1:colcon.colcon_core.environment:checking '/home/dragonblade316/Programming/robotics/dummy/install_clang/dummy_motion/lib/pkgconfig/dummy_motion.pc'
[0.527s] Level 1:colcon.colcon_core.environment:checking '/home/dragonblade316/Programming/robotics/dummy/install_clang/dummy_motion/lib/python3.10/site-packages'
[0.528s] Level 1:colcon.colcon_core.environment:checking '/home/dragonblade316/Programming/robotics/dummy/install_clang/dummy_motion/bin'
[0.528s] INFO:colcon.colcon_core.shell:Creating package script '/home/dragonblade316/Programming/robotics/dummy/install_clang/dummy_motion/share/dummy_motion/package.ps1'
[0.528s] INFO:colcon.colcon_core.shell:Creating package descriptor '/home/dragonblade316/Programming/robotics/dummy/install_clang/dummy_motion/share/dummy_motion/package.dsv'
[0.528s] INFO:colcon.colcon_core.shell:Creating package script '/home/dragonblade316/Programming/robotics/dummy/install_clang/dummy_motion/share/dummy_motion/package.sh'
[0.528s] INFO:colcon.colcon_core.shell:Creating package script '/home/dragonblade316/Programming/robotics/dummy/install_clang/dummy_motion/share/dummy_motion/package.bash'
[0.528s] INFO:colcon.colcon_core.shell:Creating package script '/home/dragonblade316/Programming/robotics/dummy/install_clang/dummy_motion/share/dummy_motion/package.zsh'
[0.528s] Level 1:colcon.colcon_core.environment:create_file_with_runtime_dependencies(/home/dragonblade316/Programming/robotics/dummy/install_clang/dummy_motion/share/colcon-core/packages/dummy_motion)
[0.529s] Level 1:colcon.colcon_core.environment:create_environment_scripts_only(dummy_motion)
[0.529s] Level 1:colcon.colcon_core.environment:checking '/home/dragonblade316/Programming/robotics/dummy/install_clang/dummy_motion' for CMake module files
[0.529s] Level 1:colcon.colcon_core.environment:checking '/home/dragonblade316/Programming/robotics/dummy/install_clang/dummy_motion' for CMake config files
[0.529s] Level 1:colcon.colcon_core.shell:create_environment_hook('dummy_motion', 'cmake_prefix_path')
[0.529s] INFO:colcon.colcon_core.shell:Creating environment hook '/home/dragonblade316/Programming/robotics/dummy/install_clang/dummy_motion/share/dummy_motion/hook/cmake_prefix_path.ps1'
[0.530s] INFO:colcon.colcon_core.shell:Creating environment descriptor '/home/dragonblade316/Programming/robotics/dummy/install_clang/dummy_motion/share/dummy_motion/hook/cmake_prefix_path.dsv'
[0.530s] INFO:colcon.colcon_core.shell:Creating environment hook '/home/dragonblade316/Programming/robotics/dummy/install_clang/dummy_motion/share/dummy_motion/hook/cmake_prefix_path.sh'
[0.530s] Level 1:colcon.colcon_core.environment:checking '/home/dragonblade316/Programming/robotics/dummy/install_clang/dummy_motion/bin'
[0.530s] Level 1:colcon.colcon_core.environment:checking '/home/dragonblade316/Programming/robotics/dummy/install_clang/dummy_motion/lib/pkgconfig/dummy_motion.pc'
[0.530s] Level 1:colcon.colcon_core.environment:checking '/home/dragonblade316/Programming/robotics/dummy/install_clang/dummy_motion/lib/python3.10/site-packages'
[0.530s] Level 1:colcon.colcon_core.environment:checking '/home/dragonblade316/Programming/robotics/dummy/install_clang/dummy_motion/bin'
[0.531s] INFO:colcon.colcon_core.shell:Creating package script '/home/dragonblade316/Programming/robotics/dummy/install_clang/dummy_motion/share/dummy_motion/package.ps1'
[0.531s] INFO:colcon.colcon_core.shell:Creating package descriptor '/home/dragonblade316/Programming/robotics/dummy/install_clang/dummy_motion/share/dummy_motion/package.dsv'
[0.531s] INFO:colcon.colcon_core.shell:Creating package script '/home/dragonblade316/Programming/robotics/dummy/install_clang/dummy_motion/share/dummy_motion/package.sh'
[0.531s] INFO:colcon.colcon_core.shell:Creating package script '/home/dragonblade316/Programming/robotics/dummy/install_clang/dummy_motion/share/dummy_motion/package.bash'
[0.531s] INFO:colcon.colcon_core.shell:Creating package script '/home/dragonblade316/Programming/robotics/dummy/install_clang/dummy_motion/share/dummy_motion/package.zsh'
[0.531s] Level 1:colcon.colcon_core.environment:create_file_with_runtime_dependencies(/home/dragonblade316/Programming/robotics/dummy/install_clang/dummy_motion/share/colcon-core/packages/dummy_motion)
[0.534s] DEBUG:colcon.colcon_core.event_handler.log_command:Invoking command in '/home/dragonblade316/Programming/robotics/dummy/build_clang/moveit_config': CMAKE_PREFIX_PATH=/home/dragonblade316/Programming/robotics/dummy/install_clang/dummy_description:/home/dragonblade316/Programming/robotics/dummy/install_clang/serial:/home/dragonblade316/Programming/robotics/dummy/install_clang/moveit_config:/home/dragonblade316/Programming/robotics/dummy/install_clang/dummy_motion:/home/dragonblade316/Programming/robotics/dummy/install_clang/dummy_joy_control:/home/dragonblade316/Programming/robotics/dummy/install_clang/dummy_hardware:/home/dragonblade316/Programming/robotics/dummy/install_clang/dummy_controller:/home/dragonblade316/Programming/robotics/dummy/install_clang/dummy_bringup:/home/dragonblade316/Programming/robotics/dummy/install_clang/dummy_serial:/opt/ros/humble /usr/bin/cmake --build /home/dragonblade316/Programming/robotics/dummy/build_clang/moveit_config -- -j20 -l20
[0.534s] DEBUG:colcon.colcon_core.event_handler.log_command:Invoked command in '/home/dragonblade316/Programming/robotics/dummy/build_clang/serial' returned '0': CMAKE_PREFIX_PATH=${CMAKE_PREFIX_PATH}:/home/dragonblade316/Programming/robotics/dummy/install_clang/dummy_serial:/opt/ros/humble /usr/bin/cmake --build /home/dragonblade316/Programming/robotics/dummy/build_clang/serial -- -j20 -l20
[0.535s] DEBUG:colcon.colcon_core.event_handler.log_command:Invoking command in '/home/dragonblade316/Programming/robotics/dummy/build_clang/serial': CMAKE_PREFIX_PATH=${CMAKE_PREFIX_PATH}:/home/dragonblade316/Programming/robotics/dummy/install_clang/dummy_serial:/opt/ros/humble /usr/bin/cmake --install /home/dragonblade316/Programming/robotics/dummy/build_clang/serial
[0.547s] Level 1:colcon.colcon_core.environment:create_environment_scripts_only(serial)
[0.547s] Level 1:colcon.colcon_core.environment:checking '/home/dragonblade316/Programming/robotics/dummy/install_clang/serial' for CMake module files
[0.547s] DEBUG:colcon.colcon_core.event_handler.log_command:Invoked command in '/home/dragonblade316/Programming/robotics/dummy/build_clang/serial' returned '0': CMAKE_PREFIX_PATH=${CMAKE_PREFIX_PATH}:/home/dragonblade316/Programming/robotics/dummy/install_clang/dummy_serial:/opt/ros/humble /usr/bin/cmake --install /home/dragonblade316/Programming/robotics/dummy/build_clang/serial
[0.548s] Level 1:colcon.colcon_core.environment:checking '/home/dragonblade316/Programming/robotics/dummy/install_clang/serial' for CMake config files
[0.548s] Level 1:colcon.colcon_core.shell:create_environment_hook('serial', 'cmake_prefix_path')
[0.548s] INFO:colcon.colcon_core.shell:Creating environment hook '/home/dragonblade316/Programming/robotics/dummy/install_clang/serial/share/serial/hook/cmake_prefix_path.ps1'
[0.548s] INFO:colcon.colcon_core.shell:Creating environment descriptor '/home/dragonblade316/Programming/robotics/dummy/install_clang/serial/share/serial/hook/cmake_prefix_path.dsv'
[0.548s] INFO:colcon.colcon_core.shell:Creating environment hook '/home/dragonblade316/Programming/robotics/dummy/install_clang/serial/share/serial/hook/cmake_prefix_path.sh'
[0.548s] Level 1:colcon.colcon_core.environment:checking '/home/dragonblade316/Programming/robotics/dummy/install_clang/serial/lib'
[0.549s] Level 1:colcon.colcon_core.environment:checking '/home/dragonblade316/Programming/robotics/dummy/install_clang/serial/bin'
[0.549s] Level 1:colcon.colcon_core.environment:checking '/home/dragonblade316/Programming/robotics/dummy/install_clang/serial/lib/pkgconfig/serial.pc'
[0.549s] Level 1:colcon.colcon_core.environment:checking '/home/dragonblade316/Programming/robotics/dummy/install_clang/serial/lib/python3.10/site-packages'
[0.549s] Level 1:colcon.colcon_core.environment:checking '/home/dragonblade316/Programming/robotics/dummy/install_clang/serial/bin'
[0.549s] INFO:colcon.colcon_core.shell:Creating package script '/home/dragonblade316/Programming/robotics/dummy/install_clang/serial/share/serial/package.ps1'
[0.549s] INFO:colcon.colcon_core.shell:Creating package descriptor '/home/dragonblade316/Programming/robotics/dummy/install_clang/serial/share/serial/package.dsv'
[0.549s] INFO:colcon.colcon_core.shell:Creating package script '/home/dragonblade316/Programming/robotics/dummy/install_clang/serial/share/serial/package.sh'
[0.549s] INFO:colcon.colcon_core.shell:Creating package script '/home/dragonblade316/Programming/robotics/dummy/install_clang/serial/share/serial/package.bash'
[0.550s] INFO:colcon.colcon_core.shell:Creating package script '/home/dragonblade316/Programming/robotics/dummy/install_clang/serial/share/serial/package.zsh'
[0.550s] Level 1:colcon.colcon_core.environment:create_file_with_runtime_dependencies(/home/dragonblade316/Programming/robotics/dummy/install_clang/serial/share/colcon-core/packages/serial)
[0.550s] Level 1:colcon.colcon_core.environment:create_environment_scripts_only(serial)
[0.550s] Level 1:colcon.colcon_core.environment:checking '/home/dragonblade316/Programming/robotics/dummy/install_clang/serial' for CMake module files
[0.550s] Level 1:colcon.colcon_core.environment:checking '/home/dragonblade316/Programming/robotics/dummy/install_clang/serial' for CMake config files
[0.550s] Level 1:colcon.colcon_core.shell:create_environment_hook('serial', 'cmake_prefix_path')
[0.550s] INFO:colcon.colcon_core.shell:Creating environment hook '/home/dragonblade316/Programming/robotics/dummy/install_clang/serial/share/serial/hook/cmake_prefix_path.ps1'
[0.551s] INFO:colcon.colcon_core.shell:Creating environment descriptor '/home/dragonblade316/Programming/robotics/dummy/install_clang/serial/share/serial/hook/cmake_prefix_path.dsv'
[0.551s] INFO:colcon.colcon_core.shell:Creating environment hook '/home/dragonblade316/Programming/robotics/dummy/install_clang/serial/share/serial/hook/cmake_prefix_path.sh'
[0.551s] Level 1:colcon.colcon_core.environment:checking '/home/dragonblade316/Programming/robotics/dummy/install_clang/serial/lib'
[0.551s] Level 1:colcon.colcon_core.environment:checking '/home/dragonblade316/Programming/robotics/dummy/install_clang/serial/bin'
[0.551s] Level 1:colcon.colcon_core.environment:checking '/home/dragonblade316/Programming/robotics/dummy/install_clang/serial/lib/pkgconfig/serial.pc'
[0.551s] Level 1:colcon.colcon_core.environment:checking '/home/dragonblade316/Programming/robotics/dummy/install_clang/serial/lib/python3.10/site-packages'
[0.551s] Level 1:colcon.colcon_core.environment:checking '/home/dragonblade316/Programming/robotics/dummy/install_clang/serial/bin'
[0.551s] INFO:colcon.colcon_core.shell:Creating package script '/home/dragonblade316/Programming/robotics/dummy/install_clang/serial/share/serial/package.ps1'
[0.551s] INFO:colcon.colcon_core.shell:Creating package descriptor '/home/dragonblade316/Programming/robotics/dummy/install_clang/serial/share/serial/package.dsv'
[0.552s] INFO:colcon.colcon_core.shell:Creating package script '/home/dragonblade316/Programming/robotics/dummy/install_clang/serial/share/serial/package.sh'
[0.552s] INFO:colcon.colcon_core.shell:Creating package script '/home/dragonblade316/Programming/robotics/dummy/install_clang/serial/share/serial/package.bash'
[0.552s] INFO:colcon.colcon_core.shell:Creating package script '/home/dragonblade316/Programming/robotics/dummy/install_clang/serial/share/serial/package.zsh'
[0.552s] Level 1:colcon.colcon_core.environment:create_file_with_runtime_dependencies(/home/dragonblade316/Programming/robotics/dummy/install_clang/serial/share/colcon-core/packages/serial)
[0.559s] DEBUG:colcon.colcon_core.event_handler.log_command:Invoked command in '/home/dragonblade316/Programming/robotics/dummy/build_clang/moveit_config' returned '0': CMAKE_PREFIX_PATH=/home/dragonblade316/Programming/robotics/dummy/install_clang/dummy_description:/home/dragonblade316/Programming/robotics/dummy/install_clang/serial:/home/dragonblade316/Programming/robotics/dummy/install_clang/moveit_config:/home/dragonblade316/Programming/robotics/dummy/install_clang/dummy_motion:/home/dragonblade316/Programming/robotics/dummy/install_clang/dummy_joy_control:/home/dragonblade316/Programming/robotics/dummy/install_clang/dummy_hardware:/home/dragonblade316/Programming/robotics/dummy/install_clang/dummy_controller:/home/dragonblade316/Programming/robotics/dummy/install_clang/dummy_bringup:/home/dragonblade316/Programming/robotics/dummy/install_clang/dummy_serial:/opt/ros/humble /usr/bin/cmake --build /home/dragonblade316/Programming/robotics/dummy/build_clang/moveit_config -- -j20 -l20
[0.560s] DEBUG:colcon.colcon_core.event_handler.log_command:Invoking command in '/home/dragonblade316/Programming/robotics/dummy/build_clang/moveit_config': CMAKE_PREFIX_PATH=/home/dragonblade316/Programming/robotics/dummy/install_clang/dummy_description:/home/dragonblade316/Programming/robotics/dummy/install_clang/serial:/home/dragonblade316/Programming/robotics/dummy/install_clang/moveit_config:/home/dragonblade316/Programming/robotics/dummy/install_clang/dummy_motion:/home/dragonblade316/Programming/robotics/dummy/install_clang/dummy_joy_control:/home/dragonblade316/Programming/robotics/dummy/install_clang/dummy_hardware:/home/dragonblade316/Programming/robotics/dummy/install_clang/dummy_controller:/home/dragonblade316/Programming/robotics/dummy/install_clang/dummy_bringup:/home/dragonblade316/Programming/robotics/dummy/install_clang/dummy_serial:/opt/ros/humble /usr/bin/cmake --install /home/dragonblade316/Programming/robotics/dummy/build_clang/moveit_config
[0.573s] Level 1:colcon.colcon_core.environment:create_environment_scripts_only(moveit_config)
[0.573s] Level 1:colcon.colcon_core.environment:checking '/home/dragonblade316/Programming/robotics/dummy/install_clang/moveit_config' for CMake module files
[0.574s] DEBUG:colcon.colcon_core.event_handler.log_command:Invoked command in '/home/dragonblade316/Programming/robotics/dummy/build_clang/moveit_config' returned '0': CMAKE_PREFIX_PATH=/home/dragonblade316/Programming/robotics/dummy/install_clang/dummy_description:/home/dragonblade316/Programming/robotics/dummy/install_clang/serial:/home/dragonblade316/Programming/robotics/dummy/install_clang/moveit_config:/home/dragonblade316/Programming/robotics/dummy/install_clang/dummy_motion:/home/dragonblade316/Programming/robotics/dummy/install_clang/dummy_joy_control:/home/dragonblade316/Programming/robotics/dummy/install_clang/dummy_hardware:/home/dragonblade316/Programming/robotics/dummy/install_clang/dummy_controller:/home/dragonblade316/Programming/robotics/dummy/install_clang/dummy_bringup:/home/dragonblade316/Programming/robotics/dummy/install_clang/dummy_serial:/opt/ros/humble /usr/bin/cmake --install /home/dragonblade316/Programming/robotics/dummy/build_clang/moveit_config
[0.574s] Level 1:colcon.colcon_core.environment:checking '/home/dragonblade316/Programming/robotics/dummy/install_clang/moveit_config' for CMake config files
[0.574s] Level 1:colcon.colcon_core.shell:create_environment_hook('moveit_config', 'cmake_prefix_path')
[0.574s] INFO:colcon.colcon_core.shell:Creating environment hook '/home/dragonblade316/Programming/robotics/dummy/install_clang/moveit_config/share/moveit_config/hook/cmake_prefix_path.ps1'
[0.574s] INFO:colcon.colcon_core.shell:Creating environment descriptor '/home/dragonblade316/Programming/robotics/dummy/install_clang/moveit_config/share/moveit_config/hook/cmake_prefix_path.dsv'
[0.575s] INFO:colcon.colcon_core.shell:Creating environment hook '/home/dragonblade316/Programming/robotics/dummy/install_clang/moveit_config/share/moveit_config/hook/cmake_prefix_path.sh'
[0.575s] Level 1:colcon.colcon_core.environment:checking '/home/dragonblade316/Programming/robotics/dummy/install_clang/moveit_config/bin'
[0.575s] Level 1:colcon.colcon_core.environment:checking '/home/dragonblade316/Programming/robotics/dummy/install_clang/moveit_config/lib/pkgconfig/moveit_config.pc'
[0.575s] Level 1:colcon.colcon_core.environment:checking '/home/dragonblade316/Programming/robotics/dummy/install_clang/moveit_config/lib/python3.10/site-packages'
[0.575s] Level 1:colcon.colcon_core.environment:checking '/home/dragonblade316/Programming/robotics/dummy/install_clang/moveit_config/bin'
[0.575s] INFO:colcon.colcon_core.shell:Creating package script '/home/dragonblade316/Programming/robotics/dummy/install_clang/moveit_config/share/moveit_config/package.ps1'
[0.575s] INFO:colcon.colcon_core.shell:Creating package descriptor '/home/dragonblade316/Programming/robotics/dummy/install_clang/moveit_config/share/moveit_config/package.dsv'
[0.576s] INFO:colcon.colcon_core.shell:Creating package script '/home/dragonblade316/Programming/robotics/dummy/install_clang/moveit_config/share/moveit_config/package.sh'
[0.576s] INFO:colcon.colcon_core.shell:Creating package script '/home/dragonblade316/Programming/robotics/dummy/install_clang/moveit_config/share/moveit_config/package.bash'
[0.576s] INFO:colcon.colcon_core.shell:Creating package script '/home/dragonblade316/Programming/robotics/dummy/install_clang/moveit_config/share/moveit_config/package.zsh'
[0.576s] Level 1:colcon.colcon_core.environment:create_file_with_runtime_dependencies(/home/dragonblade316/Programming/robotics/dummy/install_clang/moveit_config/share/colcon-core/packages/moveit_config)
[0.576s] Level 1:colcon.colcon_core.environment:create_environment_scripts_only(moveit_config)
[0.576s] Level 1:colcon.colcon_core.environment:checking '/home/dragonblade316/Programming/robotics/dummy/install_clang/moveit_config' for CMake module files
[0.576s] Level 1:colcon.colcon_core.environment:checking '/home/dragonblade316/Programming/robotics/dummy/install_clang/moveit_config' for CMake config files
[0.577s] Level 1:colcon.colcon_core.shell:create_environment_hook('moveit_config', 'cmake_prefix_path')
[0.577s] INFO:colcon.colcon_core.shell:Creating environment hook '/home/dragonblade316/Programming/robotics/dummy/install_clang/moveit_config/share/moveit_config/hook/cmake_prefix_path.ps1'
[0.577s] INFO:colcon.colcon_core.shell:Creating environment descriptor '/home/dragonblade316/Programming/robotics/dummy/install_clang/moveit_config/share/moveit_config/hook/cmake_prefix_path.dsv'
[0.577s] INFO:colcon.colcon_core.shell:Creating environment hook '/home/dragonblade316/Programming/robotics/dummy/install_clang/moveit_config/share/moveit_config/hook/cmake_prefix_path.sh'
[0.577s] Level 1:colcon.colcon_core.environment:checking '/home/dragonblade316/Programming/robotics/dummy/install_clang/moveit_config/bin'
[0.577s] Level 1:colcon.colcon_core.environment:checking '/home/dragonblade316/Programming/robotics/dummy/install_clang/moveit_config/lib/pkgconfig/moveit_config.pc'
[0.577s] Level 1:colcon.colcon_core.environment:checking '/home/dragonblade316/Programming/robotics/dummy/install_clang/moveit_config/lib/python3.10/site-packages'
[0.577s] Level 1:colcon.colcon_core.environment:checking '/home/dragonblade316/Programming/robotics/dummy/install_clang/moveit_config/bin'
[0.577s] INFO:colcon.colcon_core.shell:Creating package script '/home/dragonblade316/Programming/robotics/dummy/install_clang/moveit_config/share/moveit_config/package.ps1'
[0.578s] INFO:colcon.colcon_core.shell:Creating package descriptor '/home/dragonblade316/Programming/robotics/dummy/install_clang/moveit_config/share/moveit_config/package.dsv'
[0.578s] INFO:colcon.colcon_core.shell:Creating package script '/home/dragonblade316/Programming/robotics/dummy/install_clang/moveit_config/share/moveit_config/package.sh'
[0.578s] INFO:colcon.colcon_core.shell:Creating package script '/home/dragonblade316/Programming/robotics/dummy/install_clang/moveit_config/share/moveit_config/package.bash'
[0.578s] INFO:colcon.colcon_core.shell:Creating package script '/home/dragonblade316/Programming/robotics/dummy/install_clang/moveit_config/share/moveit_config/package.zsh'
[0.578s] Level 1:colcon.colcon_core.environment:create_file_with_runtime_dependencies(/home/dragonblade316/Programming/robotics/dummy/install_clang/moveit_config/share/colcon-core/packages/moveit_config)
[0.703s] DEBUG:colcon.colcon_core.event_handler.log_command:Invoking command in '/home/dragonblade316/Programming/robotics/dummy/build_clang/dummy_serial': PYTHONPATH=/home/dragonblade316/Programming/robotics/dummy/build_clang/dummy_serial/prefix_override:/usr/lib/python3/dist-packages/colcon_core/task/python/colcon_distutils_commands:/home/dragonblade316/Programming/robotics/dummy/install_clang/dummy_serial/lib/python3.10/site-packages:${PYTHONPATH} /usr/bin/python3 -W ignore:setup.py install is deprecated -W ignore:easy_install command is deprecated setup.py develop --editable --build-directory /home/dragonblade316/Programming/robotics/dummy/build_clang/dummy_serial/build --no-deps symlink_data
[0.922s] Level 1:colcon.colcon_core.shell:create_environment_hook('dummy_serial', 'pythonpath_develop')
[0.922s] INFO:colcon.colcon_core.shell:Creating environment hook '/home/dragonblade316/Programming/robotics/dummy/build_clang/dummy_serial/share/dummy_serial/hook/pythonpath_develop.ps1'
[0.922s] DEBUG:colcon.colcon_core.event_handler.log_command:Invoked command in '/home/dragonblade316/Programming/robotics/dummy/build_clang/dummy_serial' returned '0': PYTHONPATH=/home/dragonblade316/Programming/robotics/dummy/build_clang/dummy_serial/prefix_override:/usr/lib/python3/dist-packages/colcon_core/task/python/colcon_distutils_commands:/home/dragonblade316/Programming/robotics/dummy/install_clang/dummy_serial/lib/python3.10/site-packages:${PYTHONPATH} /usr/bin/python3 -W ignore:setup.py install is deprecated -W ignore:easy_install command is deprecated setup.py develop --editable --build-directory /home/dragonblade316/Programming/robotics/dummy/build_clang/dummy_serial/build --no-deps symlink_data
[0.923s] INFO:colcon.colcon_core.shell:Creating environment descriptor '/home/dragonblade316/Programming/robotics/dummy/build_clang/dummy_serial/share/dummy_serial/hook/pythonpath_develop.dsv'
[0.923s] INFO:colcon.colcon_core.shell:Creating environment hook '/home/dragonblade316/Programming/robotics/dummy/build_clang/dummy_serial/share/dummy_serial/hook/pythonpath_develop.sh'
[0.923s] Level 1:colcon.colcon_core.environment:checking '/home/dragonblade316/Programming/robotics/dummy/install_clang/dummy_serial' for CMake module files
[0.923s] Level 1:colcon.colcon_core.environment:checking '/home/dragonblade316/Programming/robotics/dummy/install_clang/dummy_serial' for CMake config files
[0.924s] Level 1:colcon.colcon_core.environment:checking '/home/dragonblade316/Programming/robotics/dummy/install_clang/dummy_serial/lib'
[0.924s] Level 1:colcon.colcon_core.environment:checking '/home/dragonblade316/Programming/robotics/dummy/install_clang/dummy_serial/bin'
[0.924s] Level 1:colcon.colcon_core.environment:checking '/home/dragonblade316/Programming/robotics/dummy/install_clang/dummy_serial/lib/pkgconfig/dummy_serial.pc'
[0.924s] Level 1:colcon.colcon_core.environment:checking '/home/dragonblade316/Programming/robotics/dummy/install_clang/dummy_serial/lib/python3.10/site-packages'
[0.924s] Level 1:colcon.colcon_core.shell:create_environment_hook('dummy_serial', 'pythonpath')
[0.924s] INFO:colcon.colcon_core.shell:Creating environment hook '/home/dragonblade316/Programming/robotics/dummy/install_clang/dummy_serial/share/dummy_serial/hook/pythonpath.ps1'
[0.924s] INFO:colcon.colcon_core.shell:Creating environment descriptor '/home/dragonblade316/Programming/robotics/dummy/install_clang/dummy_serial/share/dummy_serial/hook/pythonpath.dsv'
[0.924s] INFO:colcon.colcon_core.shell:Creating environment hook '/home/dragonblade316/Programming/robotics/dummy/install_clang/dummy_serial/share/dummy_serial/hook/pythonpath.sh'
[0.925s] Level 1:colcon.colcon_core.environment:checking '/home/dragonblade316/Programming/robotics/dummy/install_clang/dummy_serial/bin'
[0.925s] Level 1:colcon.colcon_core.environment:create_environment_scripts_only(dummy_serial)
[0.925s] INFO:colcon.colcon_core.shell:Creating package script '/home/dragonblade316/Programming/robotics/dummy/install_clang/dummy_serial/share/dummy_serial/package.ps1'
[0.925s] INFO:colcon.colcon_core.shell:Creating package descriptor '/home/dragonblade316/Programming/robotics/dummy/install_clang/dummy_serial/share/dummy_serial/package.dsv'
[0.925s] INFO:colcon.colcon_core.shell:Creating package script '/home/dragonblade316/Programming/robotics/dummy/install_clang/dummy_serial/share/dummy_serial/package.sh'
[0.925s] INFO:colcon.colcon_core.shell:Creating package script '/home/dragonblade316/Programming/robotics/dummy/install_clang/dummy_serial/share/dummy_serial/package.bash'
[0.925s] INFO:colcon.colcon_core.shell:Creating package script '/home/dragonblade316/Programming/robotics/dummy/install_clang/dummy_serial/share/dummy_serial/package.zsh'
[0.926s] Level 1:colcon.colcon_core.environment:create_file_with_runtime_dependencies(/home/dragonblade316/Programming/robotics/dummy/install_clang/dummy_serial/share/colcon-core/packages/dummy_serial)
[1.934s] DEBUG:colcon.colcon_core.event_handler.log_command:Invoked command in '/home/dragonblade316/Programming/robotics/dummy/build_clang/dummy_hardware' returned '0': CMAKE_PREFIX_PATH=${CMAKE_PREFIX_PATH}:/home/dragonblade316/Programming/robotics/dummy/install_clang/dummy_serial:/opt/ros/humble /usr/bin/cmake --build /home/dragonblade316/Programming/robotics/dummy/build_clang/dummy_hardware -- -j20 -l20
[1.935s] DEBUG:colcon.colcon_core.event_handler.log_command:Invoking command in '/home/dragonblade316/Programming/robotics/dummy/build_clang/dummy_hardware': CMAKE_PREFIX_PATH=${CMAKE_PREFIX_PATH}:/home/dragonblade316/Programming/robotics/dummy/install_clang/dummy_serial:/opt/ros/humble /usr/bin/cmake --install /home/dragonblade316/Programming/robotics/dummy/build_clang/dummy_hardware
[1.948s] Level 1:colcon.colcon_core.environment:create_environment_scripts_only(dummy_hardware)
[1.948s] Level 1:colcon.colcon_core.environment:checking '/home/dragonblade316/Programming/robotics/dummy/install_clang/dummy_hardware' for CMake module files
[1.949s] DEBUG:colcon.colcon_core.event_handler.log_command:Invoked command in '/home/dragonblade316/Programming/robotics/dummy/build_clang/dummy_hardware' returned '0': CMAKE_PREFIX_PATH=${CMAKE_PREFIX_PATH}:/home/dragonblade316/Programming/robotics/dummy/install_clang/dummy_serial:/opt/ros/humble /usr/bin/cmake --install /home/dragonblade316/Programming/robotics/dummy/build_clang/dummy_hardware
[1.949s] Level 1:colcon.colcon_core.environment:checking '/home/dragonblade316/Programming/robotics/dummy/install_clang/dummy_hardware' for CMake config files
[1.949s] Level 1:colcon.colcon_core.shell:create_environment_hook('dummy_hardware', 'cmake_prefix_path')
[1.949s] INFO:colcon.colcon_core.shell:Creating environment hook '/home/dragonblade316/Programming/robotics/dummy/install_clang/dummy_hardware/share/dummy_hardware/hook/cmake_prefix_path.ps1'
[1.949s] INFO:colcon.colcon_core.shell:Creating environment descriptor '/home/dragonblade316/Programming/robotics/dummy/install_clang/dummy_hardware/share/dummy_hardware/hook/cmake_prefix_path.dsv'
[1.949s] INFO:colcon.colcon_core.shell:Creating environment hook '/home/dragonblade316/Programming/robotics/dummy/install_clang/dummy_hardware/share/dummy_hardware/hook/cmake_prefix_path.sh'
[1.950s] Level 1:colcon.colcon_core.environment:checking '/home/dragonblade316/Programming/robotics/dummy/install_clang/dummy_hardware/lib'
[1.950s] Level 1:colcon.colcon_core.environment:checking '/home/dragonblade316/Programming/robotics/dummy/install_clang/dummy_hardware/bin'
[1.950s] Level 1:colcon.colcon_core.environment:checking '/home/dragonblade316/Programming/robotics/dummy/install_clang/dummy_hardware/lib/pkgconfig/dummy_hardware.pc'
[1.950s] Level 1:colcon.colcon_core.environment:checking '/home/dragonblade316/Programming/robotics/dummy/install_clang/dummy_hardware/lib/python3.10/site-packages'
[1.950s] Level 1:colcon.colcon_core.environment:checking '/home/dragonblade316/Programming/robotics/dummy/install_clang/dummy_hardware/bin'
[1.950s] INFO:colcon.colcon_core.shell:Creating package script '/home/dragonblade316/Programming/robotics/dummy/install_clang/dummy_hardware/share/dummy_hardware/package.ps1'
[1.950s] INFO:colcon.colcon_core.shell:Creating package descriptor '/home/dragonblade316/Programming/robotics/dummy/install_clang/dummy_hardware/share/dummy_hardware/package.dsv'
[1.950s] INFO:colcon.colcon_core.shell:Creating package script '/home/dragonblade316/Programming/robotics/dummy/install_clang/dummy_hardware/share/dummy_hardware/package.sh'
[1.950s] INFO:colcon.colcon_core.shell:Creating package script '/home/dragonblade316/Programming/robotics/dummy/install_clang/dummy_hardware/share/dummy_hardware/package.bash'
[1.951s] INFO:colcon.colcon_core.shell:Creating package script '/home/dragonblade316/Programming/robotics/dummy/install_clang/dummy_hardware/share/dummy_hardware/package.zsh'
[1.951s] Level 1:colcon.colcon_core.environment:create_file_with_runtime_dependencies(/home/dragonblade316/Programming/robotics/dummy/install_clang/dummy_hardware/share/colcon-core/packages/dummy_hardware)
[1.951s] Level 1:colcon.colcon_core.environment:create_environment_scripts_only(dummy_hardware)
[1.951s] Level 1:colcon.colcon_core.environment:checking '/home/dragonblade316/Programming/robotics/dummy/install_clang/dummy_hardware' for CMake module files
[1.951s] Level 1:colcon.colcon_core.environment:checking '/home/dragonblade316/Programming/robotics/dummy/install_clang/dummy_hardware' for CMake config files
[1.951s] Level 1:colcon.colcon_core.shell:create_environment_hook('dummy_hardware', 'cmake_prefix_path')
[1.951s] INFO:colcon.colcon_core.shell:Creating environment hook '/home/dragonblade316/Programming/robotics/dummy/install_clang/dummy_hardware/share/dummy_hardware/hook/cmake_prefix_path.ps1'
[1.952s] INFO:colcon.colcon_core.shell:Creating environment descriptor '/home/dragonblade316/Programming/robotics/dummy/install_clang/dummy_hardware/share/dummy_hardware/hook/cmake_prefix_path.dsv'
[1.952s] INFO:colcon.colcon_core.shell:Creating environment hook '/home/dragonblade316/Programming/robotics/dummy/install_clang/dummy_hardware/share/dummy_hardware/hook/cmake_prefix_path.sh'
[1.952s] Level 1:colcon.colcon_core.environment:checking '/home/dragonblade316/Programming/robotics/dummy/install_clang/dummy_hardware/lib'
[1.953s] Level 1:colcon.colcon_core.environment:checking '/home/dragonblade316/Programming/robotics/dummy/install_clang/dummy_hardware/bin'
[1.953s] Level 1:colcon.colcon_core.environment:checking '/home/dragonblade316/Programming/robotics/dummy/install_clang/dummy_hardware/lib/pkgconfig/dummy_hardware.pc'
[1.953s] Level 1:colcon.colcon_core.environment:checking '/home/dragonblade316/Programming/robotics/dummy/install_clang/dummy_hardware/lib/python3.10/site-packages'
[1.953s] Level 1:colcon.colcon_core.environment:checking '/home/dragonblade316/Programming/robotics/dummy/install_clang/dummy_hardware/bin'
[1.953s] INFO:colcon.colcon_core.shell:Creating package script '/home/dragonblade316/Programming/robotics/dummy/install_clang/dummy_hardware/share/dummy_hardware/package.ps1'
[1.954s] INFO:colcon.colcon_core.shell:Creating package descriptor '/home/dragonblade316/Programming/robotics/dummy/install_clang/dummy_hardware/share/dummy_hardware/package.dsv'
[1.954s] INFO:colcon.colcon_core.shell:Creating package script '/home/dragonblade316/Programming/robotics/dummy/install_clang/dummy_hardware/share/dummy_hardware/package.sh'
[1.954s] INFO:colcon.colcon_core.shell:Creating package script '/home/dragonblade316/Programming/robotics/dummy/install_clang/dummy_hardware/share/dummy_hardware/package.bash'
[1.955s] INFO:colcon.colcon_core.shell:Creating package script '/home/dragonblade316/Programming/robotics/dummy/install_clang/dummy_hardware/share/dummy_hardware/package.zsh'
[1.955s] Level 1:colcon.colcon_core.environment:create_file_with_runtime_dependencies(/home/dragonblade316/Programming/robotics/dummy/install_clang/dummy_hardware/share/colcon-core/packages/dummy_hardware)
[1.955s] DEBUG:colcon.colcon_parallel_executor.executor.parallel:closing loop
[1.955s] DEBUG:colcon.colcon_parallel_executor.executor.parallel:loop closed
[1.955s] DEBUG:colcon.colcon_parallel_executor.executor.parallel:run_until_complete finished with '0'
[1.955s] DEBUG:colcon.colcon_core.event_reactor:joining thread
[1.960s] INFO:colcon.colcon_core.plugin_system:Skipping extension 'colcon_notification.desktop_notification.terminal_notifier': Not used on non-Darwin systems
[1.960s] INFO:colcon.colcon_core.plugin_system:Skipping extension 'colcon_notification.desktop_notification.win32': Not used on non-Windows systems
[1.960s] INFO:colcon.colcon_notification.desktop_notification:Sending desktop notification using 'notify2'
[1.969s] DEBUG:colcon.colcon_core.event_reactor:joined thread
[1.969s] INFO:colcon.colcon_core.shell:Creating prefix script '/home/dragonblade316/Programming/robotics/dummy/install_clang/local_setup.ps1'
[1.970s] INFO:colcon.colcon_core.shell:Creating prefix util module '/home/dragonblade316/Programming/robotics/dummy/install_clang/_local_setup_util_ps1.py'
[1.970s] INFO:colcon.colcon_core.shell:Creating prefix chain script '/home/dragonblade316/Programming/robotics/dummy/install_clang/setup.ps1'
[1.971s] INFO:colcon.colcon_core.shell:Creating prefix script '/home/dragonblade316/Programming/robotics/dummy/install_clang/local_setup.sh'
[1.971s] INFO:colcon.colcon_core.shell:Creating prefix util module '/home/dragonblade316/Programming/robotics/dummy/install_clang/_local_setup_util_sh.py'
[1.972s] INFO:colcon.colcon_core.shell:Creating prefix chain script '/home/dragonblade316/Programming/robotics/dummy/install_clang/setup.sh'
[1.972s] INFO:colcon.colcon_core.shell:Creating prefix script '/home/dragonblade316/Programming/robotics/dummy/install_clang/local_setup.bash'
[1.972s] INFO:colcon.colcon_core.shell:Creating prefix chain script '/home/dragonblade316/Programming/robotics/dummy/install_clang/setup.bash'
[1.973s] INFO:colcon.colcon_core.shell:Creating prefix script '/home/dragonblade316/Programming/robotics/dummy/install_clang/local_setup.zsh'
[1.973s] INFO:colcon.colcon_core.shell:Creating prefix chain script '/home/dragonblade316/Programming/robotics/dummy/install_clang/setup.zsh'
