[0.058s] DEBUG:colcon:Command line arguments: ['/usr/bin/colcon', 'build', '--symlink-install', '--build-base', 'build_clang', '--install-base', 'install_clang', '--cmake-args', '-DCMAKE_EXPORT_COMPILE_COMMANDS=ON']
[0.058s] DEBUG:colcon:Parsed command line arguments: Namespace(log_base=None, log_level=None, verb_name='build', build_base='/home/dragonblade316/Programming/robotics/dummy/build_clang', install_base='/home/dragonblade316/Programming/robotics/dummy/install_clang', merge_install=False, symlink_install=True, test_result_base=None, continue_on_error=False, executor='parallel', parallel_workers=20, event_handlers=None, ignore_user_meta=False, metas=['./colcon.meta'], base_paths=['.'], packages_ignore=None, packages_ignore_regex=None, paths=None, packages_up_to=None, packages_up_to_regex=None, packages_above=None, packages_above_and_dependencies=None, packages_above_depth=None, packages_select_by_dep=None, packages_skip_by_dep=None, packages_skip_up_to=None, packages_select_build_failed=False, packages_skip_build_finished=False, packages_select_test_failures=False, packages_skip_test_passed=False, packages_select=None, packages_skip=None, packages_select_regex=None, packages_skip_regex=None, packages_start=None, packages_end=None, allow_overriding=[], cmake_args=['-DCMAKE_EXPORT_COMPILE_COMMANDS=ON'], cmake_target=None, cmake_target_skip_unavailable=False, cmake_clean_cache=False, cmake_clean_first=False, cmake_force_configure=False, ament_cmake_args=None, catkin_cmake_args=None, catkin_skip_building_tests=False, mixin_files=None, mixin=None, verb_parser=<colcon_mixin.mixin.mixin_argument.MixinArgumentDecorator object at 0x70d615a50400>, verb_extension=<colcon_core.verb.build.BuildVerb object at 0x70d615b75300>, main=<bound method BuildVerb.main of <colcon_core.verb.build.BuildVerb object at 0x70d615b75300>>, mixin_verb=('build',))
[0.139s] Level 1:colcon.colcon_core.package_discovery:discover_packages(colcon_meta) check parameters
[0.139s] Level 1:colcon.colcon_core.package_discovery:discover_packages(recursive) check parameters
[0.139s] Level 1:colcon.colcon_core.package_discovery:discover_packages(ignore) check parameters
[0.139s] Level 1:colcon.colcon_core.package_discovery:discover_packages(path) check parameters
[0.139s] Level 1:colcon.colcon_core.package_discovery:discover_packages(colcon_meta) discover
[0.139s] Level 1:colcon.colcon_core.package_discovery:discover_packages(recursive) discover
[0.139s] INFO:colcon.colcon_core.package_discovery:Crawling recursively for packages in '/home/dragonblade316/Programming/robotics/dummy'
[0.139s] Level 1:colcon.colcon_core.package_identification:_identify(.) by extensions ['ignore', 'ignore_ament_install']
[0.139s] Level 1:colcon.colcon_core.package_identification:_identify(.) by extension 'ignore'
[0.139s] Level 1:colcon.colcon_core.package_identification:_identify(.) by extension 'ignore_ament_install'
[0.139s] Level 1:colcon.colcon_core.package_identification:_identify(.) by extensions ['colcon_pkg']
[0.139s] Level 1:colcon.colcon_core.package_identification:_identify(.) by extension 'colcon_pkg'
[0.139s] Level 1:colcon.colcon_core.package_identification:_identify(.) by extensions ['colcon_meta']
[0.139s] Level 1:colcon.colcon_core.package_identification:_identify(.) by extension 'colcon_meta'
[0.139s] Level 1:colcon.colcon_core.package_identification:_identify(.) by extensions ['ros']
[0.139s] Level 1:colcon.colcon_core.package_identification:_identify(.) by extension 'ros'
[0.145s] Level 1:colcon.colcon_core.package_identification:_identify(.) by extensions ['cmake', 'python']
[0.145s] Level 1:colcon.colcon_core.package_identification:_identify(.) by extension 'cmake'
[0.145s] Level 1:colcon.colcon_core.package_identification:_identify(.) by extension 'python'
[0.145s] Level 1:colcon.colcon_core.package_identification:_identify(.) by extensions ['python_setup_py']
[0.145s] Level 1:colcon.colcon_core.package_identification:_identify(.) by extension 'python_setup_py'
[0.145s] Level 1:colcon.colcon_core.package_identification:_identify(arduino) by extensions ['ignore', 'ignore_ament_install']
[0.145s] Level 1:colcon.colcon_core.package_identification:_identify(arduino) by extension 'ignore'
[0.145s] Level 1:colcon.colcon_core.package_identification:_identify(arduino) by extension 'ignore_ament_install'
[0.145s] Level 1:colcon.colcon_core.package_identification:_identify(arduino) by extensions ['colcon_pkg']
[0.145s] Level 1:colcon.colcon_core.package_identification:_identify(arduino) by extension 'colcon_pkg'
[0.145s] Level 1:colcon.colcon_core.package_identification:_identify(arduino) by extensions ['colcon_meta']
[0.145s] Level 1:colcon.colcon_core.package_identification:_identify(arduino) by extension 'colcon_meta'
[0.145s] Level 1:colcon.colcon_core.package_identification:_identify(arduino) by extensions ['ros']
[0.145s] Level 1:colcon.colcon_core.package_identification:_identify(arduino) by extension 'ros'
[0.145s] Level 1:colcon.colcon_core.package_identification:_identify(arduino) by extensions ['cmake', 'python']
[0.145s] Level 1:colcon.colcon_core.package_identification:_identify(arduino) by extension 'cmake'
[0.145s] Level 1:colcon.colcon_core.package_identification:_identify(arduino) by extension 'python'
[0.145s] Level 1:colcon.colcon_core.package_identification:_identify(arduino) by extensions ['python_setup_py']
[0.145s] Level 1:colcon.colcon_core.package_identification:_identify(arduino) by extension 'python_setup_py'
[0.145s] Level 1:colcon.colcon_core.package_identification:_identify(arduino/sketch_dec20a) by extensions ['ignore', 'ignore_ament_install']
[0.145s] Level 1:colcon.colcon_core.package_identification:_identify(arduino/sketch_dec20a) by extension 'ignore'
[0.145s] Level 1:colcon.colcon_core.package_identification:_identify(arduino/sketch_dec20a) by extension 'ignore_ament_install'
[0.145s] Level 1:colcon.colcon_core.package_identification:_identify(arduino/sketch_dec20a) by extensions ['colcon_pkg']
[0.145s] Level 1:colcon.colcon_core.package_identification:_identify(arduino/sketch_dec20a) by extension 'colcon_pkg'
[0.145s] Level 1:colcon.colcon_core.package_identification:_identify(arduino/sketch_dec20a) by extensions ['colcon_meta']
[0.145s] Level 1:colcon.colcon_core.package_identification:_identify(arduino/sketch_dec20a) by extension 'colcon_meta'
[0.146s] Level 1:colcon.colcon_core.package_identification:_identify(arduino/sketch_dec20a) by extensions ['ros']
[0.146s] Level 1:colcon.colcon_core.package_identification:_identify(arduino/sketch_dec20a) by extension 'ros'
[0.146s] Level 1:colcon.colcon_core.package_identification:_identify(arduino/sketch_dec20a) by extensions ['cmake', 'python']
[0.146s] Level 1:colcon.colcon_core.package_identification:_identify(arduino/sketch_dec20a) by extension 'cmake'
[0.146s] Level 1:colcon.colcon_core.package_identification:_identify(arduino/sketch_dec20a) by extension 'python'
[0.146s] Level 1:colcon.colcon_core.package_identification:_identify(arduino/sketch_dec20a) by extensions ['python_setup_py']
[0.146s] Level 1:colcon.colcon_core.package_identification:_identify(arduino/sketch_dec20a) by extension 'python_setup_py'
[0.146s] Level 1:colcon.colcon_core.package_identification:_identify(build_clang) by extensions ['ignore', 'ignore_ament_install']
[0.146s] Level 1:colcon.colcon_core.package_identification:_identify(build_clang) by extension 'ignore'
[0.146s] Level 1:colcon.colcon_core.package_identification:_identify(build_clang) ignored
[0.146s] Level 1:colcon.colcon_core.package_identification:_identify(dummy_bringup) by extensions ['ignore', 'ignore_ament_install']
[0.146s] Level 1:colcon.colcon_core.package_identification:_identify(dummy_bringup) by extension 'ignore'
[0.146s] Level 1:colcon.colcon_core.package_identification:_identify(dummy_bringup) by extension 'ignore_ament_install'
[0.146s] Level 1:colcon.colcon_core.package_identification:_identify(dummy_bringup) by extensions ['colcon_pkg']
[0.146s] Level 1:colcon.colcon_core.package_identification:_identify(dummy_bringup) by extension 'colcon_pkg'
[0.146s] Level 1:colcon.colcon_core.package_identification:_identify(dummy_bringup) by extensions ['colcon_meta']
[0.146s] Level 1:colcon.colcon_core.package_identification:_identify(dummy_bringup) by extension 'colcon_meta'
[0.146s] Level 1:colcon.colcon_core.package_identification:_identify(dummy_bringup) by extensions ['ros']
[0.146s] Level 1:colcon.colcon_core.package_identification:_identify(dummy_bringup) by extension 'ros'
[0.147s] DEBUG:colcon.colcon_core.package_identification:Package 'dummy_bringup' with type 'ros.ament_cmake' and name 'dummy_bringup'
[0.147s] Level 1:colcon.colcon_core.package_identification:_identify(dummy_controller) by extensions ['ignore', 'ignore_ament_install']
[0.147s] Level 1:colcon.colcon_core.package_identification:_identify(dummy_controller) by extension 'ignore'
[0.147s] Level 1:colcon.colcon_core.package_identification:_identify(dummy_controller) by extension 'ignore_ament_install'
[0.147s] Level 1:colcon.colcon_core.package_identification:_identify(dummy_controller) by extensions ['colcon_pkg']
[0.147s] Level 1:colcon.colcon_core.package_identification:_identify(dummy_controller) by extension 'colcon_pkg'
[0.147s] Level 1:colcon.colcon_core.package_identification:_identify(dummy_controller) by extensions ['colcon_meta']
[0.147s] Level 1:colcon.colcon_core.package_identification:_identify(dummy_controller) by extension 'colcon_meta'
[0.147s] Level 1:colcon.colcon_core.package_identification:_identify(dummy_controller) by extensions ['ros']
[0.147s] Level 1:colcon.colcon_core.package_identification:_identify(dummy_controller) by extension 'ros'
[0.148s] DEBUG:colcon.colcon_core.package_identification:Package 'dummy_controller' with type 'ros.ament_cmake' and name 'dummy_controller'
[0.148s] Level 1:colcon.colcon_core.package_identification:_identify(dummy_description) by extensions ['ignore', 'ignore_ament_install']
[0.148s] Level 1:colcon.colcon_core.package_identification:_identify(dummy_description) by extension 'ignore'
[0.148s] Level 1:colcon.colcon_core.package_identification:_identify(dummy_description) by extension 'ignore_ament_install'
[0.148s] Level 1:colcon.colcon_core.package_identification:_identify(dummy_description) by extensions ['colcon_pkg']
[0.148s] Level 1:colcon.colcon_core.package_identification:_identify(dummy_description) by extension 'colcon_pkg'
[0.148s] Level 1:colcon.colcon_core.package_identification:_identify(dummy_description) by extensions ['colcon_meta']
[0.148s] Level 1:colcon.colcon_core.package_identification:_identify(dummy_description) by extension 'colcon_meta'
[0.148s] Level 1:colcon.colcon_core.package_identification:_identify(dummy_description) by extensions ['ros']
[0.148s] Level 1:colcon.colcon_core.package_identification:_identify(dummy_description) by extension 'ros'
[0.148s] DEBUG:colcon.colcon_core.package_identification:Package 'dummy_description' with type 'ros.ament_cmake' and name 'dummy_description'
[0.148s] Level 1:colcon.colcon_core.package_identification:_identify(dummy_hardware) by extensions ['ignore', 'ignore_ament_install']
[0.148s] Level 1:colcon.colcon_core.package_identification:_identify(dummy_hardware) by extension 'ignore'
[0.148s] Level 1:colcon.colcon_core.package_identification:_identify(dummy_hardware) by extension 'ignore_ament_install'
[0.148s] Level 1:colcon.colcon_core.package_identification:_identify(dummy_hardware) by extensions ['colcon_pkg']
[0.148s] Level 1:colcon.colcon_core.package_identification:_identify(dummy_hardware) by extension 'colcon_pkg'
[0.148s] Level 1:colcon.colcon_core.package_identification:_identify(dummy_hardware) by extensions ['colcon_meta']
[0.148s] Level 1:colcon.colcon_core.package_identification:_identify(dummy_hardware) by extension 'colcon_meta'
[0.148s] Level 1:colcon.colcon_core.package_identification:_identify(dummy_hardware) by extensions ['ros']
[0.148s] Level 1:colcon.colcon_core.package_identification:_identify(dummy_hardware) by extension 'ros'
[0.149s] DEBUG:colcon.colcon_core.package_identification:Package 'dummy_hardware' with type 'ros.ament_cmake' and name 'dummy_hardware'
[0.149s] Level 1:colcon.colcon_core.package_identification:_identify(dummy_joy_control) by extensions ['ignore', 'ignore_ament_install']
[0.149s] Level 1:colcon.colcon_core.package_identification:_identify(dummy_joy_control) by extension 'ignore'
[0.149s] Level 1:colcon.colcon_core.package_identification:_identify(dummy_joy_control) by extension 'ignore_ament_install'
[0.149s] Level 1:colcon.colcon_core.package_identification:_identify(dummy_joy_control) by extensions ['colcon_pkg']
[0.149s] Level 1:colcon.colcon_core.package_identification:_identify(dummy_joy_control) by extension 'colcon_pkg'
[0.149s] Level 1:colcon.colcon_core.package_identification:_identify(dummy_joy_control) by extensions ['colcon_meta']
[0.149s] Level 1:colcon.colcon_core.package_identification:_identify(dummy_joy_control) by extension 'colcon_meta'
[0.149s] Level 1:colcon.colcon_core.package_identification:_identify(dummy_joy_control) by extensions ['ros']
[0.149s] Level 1:colcon.colcon_core.package_identification:_identify(dummy_joy_control) by extension 'ros'
[0.149s] DEBUG:colcon.colcon_core.package_identification:Package 'dummy_joy_control' with type 'ros.ament_cmake' and name 'dummy_joy_control'
[0.149s] Level 1:colcon.colcon_core.package_identification:_identify(dummy_motion) by extensions ['ignore', 'ignore_ament_install']
[0.149s] Level 1:colcon.colcon_core.package_identification:_identify(dummy_motion) by extension 'ignore'
[0.149s] Level 1:colcon.colcon_core.package_identification:_identify(dummy_motion) by extension 'ignore_ament_install'
[0.149s] Level 1:colcon.colcon_core.package_identification:_identify(dummy_motion) by extensions ['colcon_pkg']
[0.149s] Level 1:colcon.colcon_core.package_identification:_identify(dummy_motion) by extension 'colcon_pkg'
[0.149s] Level 1:colcon.colcon_core.package_identification:_identify(dummy_motion) by extensions ['colcon_meta']
[0.149s] Level 1:colcon.colcon_core.package_identification:_identify(dummy_motion) by extension 'colcon_meta'
[0.149s] Level 1:colcon.colcon_core.package_identification:_identify(dummy_motion) by extensions ['ros']
[0.149s] Level 1:colcon.colcon_core.package_identification:_identify(dummy_motion) by extension 'ros'
[0.150s] DEBUG:colcon.colcon_core.package_identification:Package 'dummy_motion' with type 'ros.ament_cmake' and name 'dummy_motion'
[0.150s] Level 1:colcon.colcon_core.package_identification:_identify(dummy_serial) by extensions ['ignore', 'ignore_ament_install']
[0.150s] Level 1:colcon.colcon_core.package_identification:_identify(dummy_serial) by extension 'ignore'
[0.150s] Level 1:colcon.colcon_core.package_identification:_identify(dummy_serial) by extension 'ignore_ament_install'
[0.150s] Level 1:colcon.colcon_core.package_identification:_identify(dummy_serial) by extensions ['colcon_pkg']
[0.150s] Level 1:colcon.colcon_core.package_identification:_identify(dummy_serial) by extension 'colcon_pkg'
[0.150s] Level 1:colcon.colcon_core.package_identification:_identify(dummy_serial) by extensions ['colcon_meta']
[0.150s] Level 1:colcon.colcon_core.package_identification:_identify(dummy_serial) by extension 'colcon_meta'
[0.150s] Level 1:colcon.colcon_core.package_identification:_identify(dummy_serial) by extensions ['ros']
[0.150s] Level 1:colcon.colcon_core.package_identification:_identify(dummy_serial) by extension 'ros'
[0.150s] DEBUG:colcon.colcon_core.package_identification:Package 'dummy_serial' with type 'ros.ament_python' and name 'dummy_serial'
[0.150s] Level 1:colcon.colcon_core.package_identification:_identify(install_clang) by extensions ['ignore', 'ignore_ament_install']
[0.150s] Level 1:colcon.colcon_core.package_identification:_identify(install_clang) by extension 'ignore'
[0.150s] Level 1:colcon.colcon_core.package_identification:_identify(install_clang) ignored
[0.150s] Level 1:colcon.colcon_core.package_identification:_identify(log) by extensions ['ignore', 'ignore_ament_install']
[0.150s] Level 1:colcon.colcon_core.package_identification:_identify(log) by extension 'ignore'
[0.150s] Level 1:colcon.colcon_core.package_identification:_identify(log) ignored
[0.150s] Level 1:colcon.colcon_core.package_identification:_identify(moveit_config) by extensions ['ignore', 'ignore_ament_install']
[0.150s] Level 1:colcon.colcon_core.package_identification:_identify(moveit_config) by extension 'ignore'
[0.150s] Level 1:colcon.colcon_core.package_identification:_identify(moveit_config) by extension 'ignore_ament_install'
[0.150s] Level 1:colcon.colcon_core.package_identification:_identify(moveit_config) by extensions ['colcon_pkg']
[0.150s] Level 1:colcon.colcon_core.package_identification:_identify(moveit_config) by extension 'colcon_pkg'
[0.150s] Level 1:colcon.colcon_core.package_identification:_identify(moveit_config) by extensions ['colcon_meta']
[0.150s] Level 1:colcon.colcon_core.package_identification:_identify(moveit_config) by extension 'colcon_meta'
[0.151s] Level 1:colcon.colcon_core.package_identification:_identify(moveit_config) by extensions ['ros']
[0.151s] Level 1:colcon.colcon_core.package_identification:_identify(moveit_config) by extension 'ros'
[0.151s] DEBUG:colcon.colcon_core.package_identification:Package 'moveit_config' with type 'ros.ament_cmake' and name 'moveit_config'
[0.151s] Level 1:colcon.colcon_core.package_identification:_identify(serial-ros2) by extensions ['ignore', 'ignore_ament_install']
[0.151s] Level 1:colcon.colcon_core.package_identification:_identify(serial-ros2) by extension 'ignore'
[0.151s] Level 1:colcon.colcon_core.package_identification:_identify(serial-ros2) by extension 'ignore_ament_install'
[0.151s] Level 1:colcon.colcon_core.package_identification:_identify(serial-ros2) by extensions ['colcon_pkg']
[0.151s] Level 1:colcon.colcon_core.package_identification:_identify(serial-ros2) by extension 'colcon_pkg'
[0.151s] Level 1:colcon.colcon_core.package_identification:_identify(serial-ros2) by extensions ['colcon_meta']
[0.151s] Level 1:colcon.colcon_core.package_identification:_identify(serial-ros2) by extension 'colcon_meta'
[0.151s] Level 1:colcon.colcon_core.package_identification:_identify(serial-ros2) by extensions ['ros']
[0.151s] Level 1:colcon.colcon_core.package_identification:_identify(serial-ros2) by extension 'ros'
[0.151s] DEBUG:colcon.colcon_core.package_identification:Package 'serial-ros2' with type 'ros.ament_cmake' and name 'serial'
[0.151s] Level 1:colcon.colcon_core.package_discovery:discover_packages(recursive) using defaults
[0.151s] Level 1:colcon.colcon_core.package_discovery:discover_packages(ignore) discover
[0.151s] Level 1:colcon.colcon_core.package_discovery:discover_packages(ignore) using defaults
[0.151s] Level 1:colcon.colcon_core.package_discovery:discover_packages(path) discover
[0.151s] Level 1:colcon.colcon_core.package_discovery:discover_packages(path) using defaults
[0.167s] Level 1:colcon.colcon_core.package_discovery:discover_packages(prefix_path) check parameters
[0.167s] Level 1:colcon.colcon_core.package_discovery:discover_packages(prefix_path) discover
[0.168s] DEBUG:colcon.colcon_installed_package_information.package_discovery:Found 9 installed packages in /home/dragonblade316/Programming/robotics/dummy/install_clang
[0.169s] DEBUG:colcon.colcon_installed_package_information.package_discovery:Found 374 installed packages in /opt/ros/humble
[0.170s] Level 1:colcon.colcon_core.package_discovery:discover_packages(prefix_path) using defaults
[0.191s] Level 5:colcon.colcon_core.verb:set package 'dummy_bringup' build argument 'cmake_args' from command line to '['-DCMAKE_EXPORT_COMPILE_COMMANDS=ON']'
[0.191s] Level 5:colcon.colcon_core.verb:set package 'dummy_bringup' build argument 'cmake_target' from command line to 'None'
[0.191s] Level 5:colcon.colcon_core.verb:set package 'dummy_bringup' build argument 'cmake_target_skip_unavailable' from command line to 'False'
[0.191s] Level 5:colcon.colcon_core.verb:set package 'dummy_bringup' build argument 'cmake_clean_cache' from command line to 'False'
[0.191s] Level 5:colcon.colcon_core.verb:set package 'dummy_bringup' build argument 'cmake_clean_first' from command line to 'False'
[0.191s] Level 5:colcon.colcon_core.verb:set package 'dummy_bringup' build argument 'cmake_force_configure' from command line to 'False'
[0.191s] Level 5:colcon.colcon_core.verb:set package 'dummy_bringup' build argument 'ament_cmake_args' from command line to 'None'
[0.191s] Level 5:colcon.colcon_core.verb:set package 'dummy_bringup' build argument 'catkin_cmake_args' from command line to 'None'
[0.191s] Level 5:colcon.colcon_core.verb:set package 'dummy_bringup' build argument 'catkin_skip_building_tests' from command line to 'False'
[0.191s] DEBUG:colcon.colcon_core.verb:Building package 'dummy_bringup' with the following arguments: {'ament_cmake_args': None, 'build_base': '/home/dragonblade316/Programming/robotics/dummy/build_clang/dummy_bringup', 'catkin_cmake_args': None, 'catkin_skip_building_tests': False, 'cmake_args': ['-DCMAKE_EXPORT_COMPILE_COMMANDS=ON'], 'cmake_clean_cache': False, 'cmake_clean_first': False, 'cmake_force_configure': False, 'cmake_target': None, 'cmake_target_skip_unavailable': False, 'install_base': '/home/dragonblade316/Programming/robotics/dummy/install_clang/dummy_bringup', 'merge_install': False, 'path': '/home/dragonblade316/Programming/robotics/dummy/dummy_bringup', 'symlink_install': True, 'test_result_base': None}
[0.191s] Level 5:colcon.colcon_core.verb:set package 'dummy_controller' build argument 'cmake_args' from command line to '['-DCMAKE_EXPORT_COMPILE_COMMANDS=ON']'
[0.191s] Level 5:colcon.colcon_core.verb:set package 'dummy_controller' build argument 'cmake_target' from command line to 'None'
[0.191s] Level 5:colcon.colcon_core.verb:set package 'dummy_controller' build argument 'cmake_target_skip_unavailable' from command line to 'False'
[0.191s] Level 5:colcon.colcon_core.verb:set package 'dummy_controller' build argument 'cmake_clean_cache' from command line to 'False'
[0.191s] Level 5:colcon.colcon_core.verb:set package 'dummy_controller' build argument 'cmake_clean_first' from command line to 'False'
[0.191s] Level 5:colcon.colcon_core.verb:set package 'dummy_controller' build argument 'cmake_force_configure' from command line to 'False'
[0.191s] Level 5:colcon.colcon_core.verb:set package 'dummy_controller' build argument 'ament_cmake_args' from command line to 'None'
[0.191s] Level 5:colcon.colcon_core.verb:set package 'dummy_controller' build argument 'catkin_cmake_args' from command line to 'None'
[0.191s] Level 5:colcon.colcon_core.verb:set package 'dummy_controller' build argument 'catkin_skip_building_tests' from command line to 'False'
[0.191s] DEBUG:colcon.colcon_core.verb:Building package 'dummy_controller' with the following arguments: {'ament_cmake_args': None, 'build_base': '/home/dragonblade316/Programming/robotics/dummy/build_clang/dummy_controller', 'catkin_cmake_args': None, 'catkin_skip_building_tests': False, 'cmake_args': ['-DCMAKE_EXPORT_COMPILE_COMMANDS=ON'], 'cmake_clean_cache': False, 'cmake_clean_first': False, 'cmake_force_configure': False, 'cmake_target': None, 'cmake_target_skip_unavailable': False, 'install_base': '/home/dragonblade316/Programming/robotics/dummy/install_clang/dummy_controller', 'merge_install': False, 'path': '/home/dragonblade316/Programming/robotics/dummy/dummy_controller', 'symlink_install': True, 'test_result_base': None}
[0.191s] Level 5:colcon.colcon_core.verb:set package 'dummy_description' build argument 'cmake_args' from command line to '['-DCMAKE_EXPORT_COMPILE_COMMANDS=ON']'
[0.191s] Level 5:colcon.colcon_core.verb:set package 'dummy_description' build argument 'cmake_target' from command line to 'None'
[0.191s] Level 5:colcon.colcon_core.verb:set package 'dummy_description' build argument 'cmake_target_skip_unavailable' from command line to 'False'
[0.191s] Level 5:colcon.colcon_core.verb:set package 'dummy_description' build argument 'cmake_clean_cache' from command line to 'False'
[0.192s] Level 5:colcon.colcon_core.verb:set package 'dummy_description' build argument 'cmake_clean_first' from command line to 'False'
[0.192s] Level 5:colcon.colcon_core.verb:set package 'dummy_description' build argument 'cmake_force_configure' from command line to 'False'
[0.192s] Level 5:colcon.colcon_core.verb:set package 'dummy_description' build argument 'ament_cmake_args' from command line to 'None'
[0.192s] Level 5:colcon.colcon_core.verb:set package 'dummy_description' build argument 'catkin_cmake_args' from command line to 'None'
[0.192s] Level 5:colcon.colcon_core.verb:set package 'dummy_description' build argument 'catkin_skip_building_tests' from command line to 'False'
[0.192s] DEBUG:colcon.colcon_core.verb:Building package 'dummy_description' with the following arguments: {'ament_cmake_args': None, 'build_base': '/home/dragonblade316/Programming/robotics/dummy/build_clang/dummy_description', 'catkin_cmake_args': None, 'catkin_skip_building_tests': False, 'cmake_args': ['-DCMAKE_EXPORT_COMPILE_COMMANDS=ON'], 'cmake_clean_cache': False, 'cmake_clean_first': False, 'cmake_force_configure': False, 'cmake_target': None, 'cmake_target_skip_unavailable': False, 'install_base': '/home/dragonblade316/Programming/robotics/dummy/install_clang/dummy_description', 'merge_install': False, 'path': '/home/dragonblade316/Programming/robotics/dummy/dummy_description', 'symlink_install': True, 'test_result_base': None}
[0.192s] Level 5:colcon.colcon_core.verb:set package 'dummy_hardware' build argument 'cmake_args' from command line to '['-DCMAKE_EXPORT_COMPILE_COMMANDS=ON']'
[0.192s] Level 5:colcon.colcon_core.verb:set package 'dummy_hardware' build argument 'cmake_target' from command line to 'None'
[0.192s] Level 5:colcon.colcon_core.verb:set package 'dummy_hardware' build argument 'cmake_target_skip_unavailable' from command line to 'False'
[0.192s] Level 5:colcon.colcon_core.verb:set package 'dummy_hardware' build argument 'cmake_clean_cache' from command line to 'False'
[0.192s] Level 5:colcon.colcon_core.verb:set package 'dummy_hardware' build argument 'cmake_clean_first' from command line to 'False'
[0.192s] Level 5:colcon.colcon_core.verb:set package 'dummy_hardware' build argument 'cmake_force_configure' from command line to 'False'
[0.192s] Level 5:colcon.colcon_core.verb:set package 'dummy_hardware' build argument 'ament_cmake_args' from command line to 'None'
[0.192s] Level 5:colcon.colcon_core.verb:set package 'dummy_hardware' build argument 'catkin_cmake_args' from command line to 'None'
[0.192s] Level 5:colcon.colcon_core.verb:set package 'dummy_hardware' build argument 'catkin_skip_building_tests' from command line to 'False'
[0.192s] DEBUG:colcon.colcon_core.verb:Building package 'dummy_hardware' with the following arguments: {'ament_cmake_args': None, 'build_base': '/home/dragonblade316/Programming/robotics/dummy/build_clang/dummy_hardware', 'catkin_cmake_args': None, 'catkin_skip_building_tests': False, 'cmake_args': ['-DCMAKE_EXPORT_COMPILE_COMMANDS=ON'], 'cmake_clean_cache': False, 'cmake_clean_first': False, 'cmake_force_configure': False, 'cmake_target': None, 'cmake_target_skip_unavailable': False, 'install_base': '/home/dragonblade316/Programming/robotics/dummy/install_clang/dummy_hardware', 'merge_install': False, 'path': '/home/dragonblade316/Programming/robotics/dummy/dummy_hardware', 'symlink_install': True, 'test_result_base': None}
[0.192s] Level 5:colcon.colcon_core.verb:set package 'dummy_joy_control' build argument 'cmake_args' from command line to '['-DCMAKE_EXPORT_COMPILE_COMMANDS=ON']'
[0.192s] Level 5:colcon.colcon_core.verb:set package 'dummy_joy_control' build argument 'cmake_target' from command line to 'None'
[0.192s] Level 5:colcon.colcon_core.verb:set package 'dummy_joy_control' build argument 'cmake_target_skip_unavailable' from command line to 'False'
[0.192s] Level 5:colcon.colcon_core.verb:set package 'dummy_joy_control' build argument 'cmake_clean_cache' from command line to 'False'
[0.192s] Level 5:colcon.colcon_core.verb:set package 'dummy_joy_control' build argument 'cmake_clean_first' from command line to 'False'
[0.192s] Level 5:colcon.colcon_core.verb:set package 'dummy_joy_control' build argument 'cmake_force_configure' from command line to 'False'
[0.192s] Level 5:colcon.colcon_core.verb:set package 'dummy_joy_control' build argument 'ament_cmake_args' from command line to 'None'
[0.192s] Level 5:colcon.colcon_core.verb:set package 'dummy_joy_control' build argument 'catkin_cmake_args' from command line to 'None'
[0.192s] Level 5:colcon.colcon_core.verb:set package 'dummy_joy_control' build argument 'catkin_skip_building_tests' from command line to 'False'
[0.192s] DEBUG:colcon.colcon_core.verb:Building package 'dummy_joy_control' with the following arguments: {'ament_cmake_args': None, 'build_base': '/home/dragonblade316/Programming/robotics/dummy/build_clang/dummy_joy_control', 'catkin_cmake_args': None, 'catkin_skip_building_tests': False, 'cmake_args': ['-DCMAKE_EXPORT_COMPILE_COMMANDS=ON'], 'cmake_clean_cache': False, 'cmake_clean_first': False, 'cmake_force_configure': False, 'cmake_target': None, 'cmake_target_skip_unavailable': False, 'install_base': '/home/dragonblade316/Programming/robotics/dummy/install_clang/dummy_joy_control', 'merge_install': False, 'path': '/home/dragonblade316/Programming/robotics/dummy/dummy_joy_control', 'symlink_install': True, 'test_result_base': None}
[0.192s] Level 5:colcon.colcon_core.verb:set package 'dummy_motion' build argument 'cmake_args' from command line to '['-DCMAKE_EXPORT_COMPILE_COMMANDS=ON']'
[0.192s] Level 5:colcon.colcon_core.verb:set package 'dummy_motion' build argument 'cmake_target' from command line to 'None'
[0.192s] Level 5:colcon.colcon_core.verb:set package 'dummy_motion' build argument 'cmake_target_skip_unavailable' from command line to 'False'
[0.192s] Level 5:colcon.colcon_core.verb:set package 'dummy_motion' build argument 'cmake_clean_cache' from command line to 'False'
[0.192s] Level 5:colcon.colcon_core.verb:set package 'dummy_motion' build argument 'cmake_clean_first' from command line to 'False'
[0.192s] Level 5:colcon.colcon_core.verb:set package 'dummy_motion' build argument 'cmake_force_configure' from command line to 'False'
[0.192s] Level 5:colcon.colcon_core.verb:set package 'dummy_motion' build argument 'ament_cmake_args' from command line to 'None'
[0.192s] Level 5:colcon.colcon_core.verb:set package 'dummy_motion' build argument 'catkin_cmake_args' from command line to 'None'
[0.192s] Level 5:colcon.colcon_core.verb:set package 'dummy_motion' build argument 'catkin_skip_building_tests' from command line to 'False'
[0.192s] DEBUG:colcon.colcon_core.verb:Building package 'dummy_motion' with the following arguments: {'ament_cmake_args': None, 'build_base': '/home/dragonblade316/Programming/robotics/dummy/build_clang/dummy_motion', 'catkin_cmake_args': None, 'catkin_skip_building_tests': False, 'cmake_args': ['-DCMAKE_EXPORT_COMPILE_COMMANDS=ON'], 'cmake_clean_cache': False, 'cmake_clean_first': False, 'cmake_force_configure': False, 'cmake_target': None, 'cmake_target_skip_unavailable': False, 'install_base': '/home/dragonblade316/Programming/robotics/dummy/install_clang/dummy_motion', 'merge_install': False, 'path': '/home/dragonblade316/Programming/robotics/dummy/dummy_motion', 'symlink_install': True, 'test_result_base': None}
[0.192s] Level 5:colcon.colcon_core.verb:set package 'dummy_serial' build argument 'cmake_args' from command line to '['-DCMAKE_EXPORT_COMPILE_COMMANDS=ON']'
[0.192s] Level 5:colcon.colcon_core.verb:set package 'dummy_serial' build argument 'cmake_target' from command line to 'None'
[0.192s] Level 5:colcon.colcon_core.verb:set package 'dummy_serial' build argument 'cmake_target_skip_unavailable' from command line to 'False'
[0.192s] Level 5:colcon.colcon_core.verb:set package 'dummy_serial' build argument 'cmake_clean_cache' from command line to 'False'
[0.192s] Level 5:colcon.colcon_core.verb:set package 'dummy_serial' build argument 'cmake_clean_first' from command line to 'False'
[0.192s] Level 5:colcon.colcon_core.verb:set package 'dummy_serial' build argument 'cmake_force_configure' from command line to 'False'
[0.192s] Level 5:colcon.colcon_core.verb:set package 'dummy_serial' build argument 'ament_cmake_args' from command line to 'None'
[0.192s] Level 5:colcon.colcon_core.verb:set package 'dummy_serial' build argument 'catkin_cmake_args' from command line to 'None'
[0.192s] Level 5:colcon.colcon_core.verb:set package 'dummy_serial' build argument 'catkin_skip_building_tests' from command line to 'False'
[0.193s] DEBUG:colcon.colcon_core.verb:Building package 'dummy_serial' with the following arguments: {'ament_cmake_args': None, 'build_base': '/home/dragonblade316/Programming/robotics/dummy/build_clang/dummy_serial', 'catkin_cmake_args': None, 'catkin_skip_building_tests': False, 'cmake_args': ['-DCMAKE_EXPORT_COMPILE_COMMANDS=ON'], 'cmake_clean_cache': False, 'cmake_clean_first': False, 'cmake_force_configure': False, 'cmake_target': None, 'cmake_target_skip_unavailable': False, 'install_base': '/home/dragonblade316/Programming/robotics/dummy/install_clang/dummy_serial', 'merge_install': False, 'path': '/home/dragonblade316/Programming/robotics/dummy/dummy_serial', 'symlink_install': True, 'test_result_base': None}
[0.193s] Level 5:colcon.colcon_core.verb:set package 'serial' build argument 'cmake_args' from command line to '['-DCMAKE_EXPORT_COMPILE_COMMANDS=ON']'
[0.193s] Level 5:colcon.colcon_core.verb:set package 'serial' build argument 'cmake_target' from command line to 'None'
[0.193s] Level 5:colcon.colcon_core.verb:set package 'serial' build argument 'cmake_target_skip_unavailable' from command line to 'False'
[0.193s] Level 5:colcon.colcon_core.verb:set package 'serial' build argument 'cmake_clean_cache' from command line to 'False'
[0.193s] Level 5:colcon.colcon_core.verb:set package 'serial' build argument 'cmake_clean_first' from command line to 'False'
[0.193s] Level 5:colcon.colcon_core.verb:set package 'serial' build argument 'cmake_force_configure' from command line to 'False'
[0.193s] Level 5:colcon.colcon_core.verb:set package 'serial' build argument 'ament_cmake_args' from command line to 'None'
[0.193s] Level 5:colcon.colcon_core.verb:set package 'serial' build argument 'catkin_cmake_args' from command line to 'None'
[0.193s] Level 5:colcon.colcon_core.verb:set package 'serial' build argument 'catkin_skip_building_tests' from command line to 'False'
[0.193s] DEBUG:colcon.colcon_core.verb:Building package 'serial' with the following arguments: {'ament_cmake_args': None, 'build_base': '/home/dragonblade316/Programming/robotics/dummy/build_clang/serial', 'catkin_cmake_args': None, 'catkin_skip_building_tests': False, 'cmake_args': ['-DCMAKE_EXPORT_COMPILE_COMMANDS=ON'], 'cmake_clean_cache': False, 'cmake_clean_first': False, 'cmake_force_configure': False, 'cmake_target': None, 'cmake_target_skip_unavailable': False, 'install_base': '/home/dragonblade316/Programming/robotics/dummy/install_clang/serial', 'merge_install': False, 'path': '/home/dragonblade316/Programming/robotics/dummy/serial-ros2', 'symlink_install': True, 'test_result_base': None}
[0.193s] Level 5:colcon.colcon_core.verb:set package 'moveit_config' build argument 'cmake_args' from command line to '['-DCMAKE_EXPORT_COMPILE_COMMANDS=ON']'
[0.193s] Level 5:colcon.colcon_core.verb:set package 'moveit_config' build argument 'cmake_target' from command line to 'None'
[0.193s] Level 5:colcon.colcon_core.verb:set package 'moveit_config' build argument 'cmake_target_skip_unavailable' from command line to 'False'
[0.193s] Level 5:colcon.colcon_core.verb:set package 'moveit_config' build argument 'cmake_clean_cache' from command line to 'False'
[0.193s] Level 5:colcon.colcon_core.verb:set package 'moveit_config' build argument 'cmake_clean_first' from command line to 'False'
[0.193s] Level 5:colcon.colcon_core.verb:set package 'moveit_config' build argument 'cmake_force_configure' from command line to 'False'
[0.193s] Level 5:colcon.colcon_core.verb:set package 'moveit_config' build argument 'ament_cmake_args' from command line to 'None'
[0.193s] Level 5:colcon.colcon_core.verb:set package 'moveit_config' build argument 'catkin_cmake_args' from command line to 'None'
[0.193s] Level 5:colcon.colcon_core.verb:set package 'moveit_config' build argument 'catkin_skip_building_tests' from command line to 'False'
[0.193s] DEBUG:colcon.colcon_core.verb:Building package 'moveit_config' with the following arguments: {'ament_cmake_args': None, 'build_base': '/home/dragonblade316/Programming/robotics/dummy/build_clang/moveit_config', 'catkin_cmake_args': None, 'catkin_skip_building_tests': False, 'cmake_args': ['-DCMAKE_EXPORT_COMPILE_COMMANDS=ON'], 'cmake_clean_cache': False, 'cmake_clean_first': False, 'cmake_force_configure': False, 'cmake_target': None, 'cmake_target_skip_unavailable': False, 'install_base': '/home/dragonblade316/Programming/robotics/dummy/install_clang/moveit_config', 'merge_install': False, 'path': '/home/dragonblade316/Programming/robotics/dummy/moveit_config', 'symlink_install': True, 'test_result_base': None}
[0.193s] INFO:colcon.colcon_core.executor:Executing jobs using 'parallel' executor
[0.194s] DEBUG:colcon.colcon_parallel_executor.executor.parallel:run_until_complete
[0.194s] INFO:colcon.colcon_ros.task.ament_cmake.build:Building ROS package in '/home/dragonblade316/Programming/robotics/dummy/dummy_description' with build type 'ament_cmake'
[0.194s] INFO:colcon.colcon_cmake.task.cmake.build:Building CMake package in '/home/dragonblade316/Programming/robotics/dummy/dummy_description'
[0.195s] INFO:colcon.colcon_core.plugin_system:Skipping extension 'colcon_core.shell.bat': Not used on non-Windows systems
[0.195s] INFO:colcon.colcon_core.shell:Skip shell extension 'powershell' for command environment: Not usable outside of PowerShell
[0.195s] DEBUG:colcon.colcon_core.shell:Skip shell extension 'dsv' for command environment
[0.197s] INFO:colcon.colcon_ros.task.ament_cmake.build:Building ROS package in '/home/dragonblade316/Programming/robotics/dummy/dummy_bringup' with build type 'ament_cmake'
[0.197s] INFO:colcon.colcon_cmake.task.cmake.build:Building CMake package in '/home/dragonblade316/Programming/robotics/dummy/dummy_bringup'
[0.197s] INFO:colcon.colcon_core.shell:Skip shell extension 'powershell' for command environment: Not usable outside of PowerShell
[0.197s] DEBUG:colcon.colcon_core.shell:Skip shell extension 'dsv' for command environment
[0.199s] INFO:colcon.colcon_ros.task.ament_cmake.build:Building ROS package in '/home/dragonblade316/Programming/robotics/dummy/dummy_controller' with build type 'ament_cmake'
[0.199s] INFO:colcon.colcon_cmake.task.cmake.build:Building CMake package in '/home/dragonblade316/Programming/robotics/dummy/dummy_controller'
[0.199s] INFO:colcon.colcon_core.shell:Skip shell extension 'powershell' for command environment: Not usable outside of PowerShell
[0.199s] DEBUG:colcon.colcon_core.shell:Skip shell extension 'dsv' for command environment
[0.201s] INFO:colcon.colcon_ros.task.ament_cmake.build:Building ROS package in '/home/dragonblade316/Programming/robotics/dummy/dummy_hardware' with build type 'ament_cmake'
[0.201s] INFO:colcon.colcon_cmake.task.cmake.build:Building CMake package in '/home/dragonblade316/Programming/robotics/dummy/dummy_hardware'
[0.201s] INFO:colcon.colcon_core.shell:Skip shell extension 'powershell' for command environment: Not usable outside of PowerShell
[0.201s] DEBUG:colcon.colcon_core.shell:Skip shell extension 'dsv' for command environment
[0.203s] INFO:colcon.colcon_ros.task.ament_cmake.build:Building ROS package in '/home/dragonblade316/Programming/robotics/dummy/dummy_joy_control' with build type 'ament_cmake'
[0.203s] INFO:colcon.colcon_cmake.task.cmake.build:Building CMake package in '/home/dragonblade316/Programming/robotics/dummy/dummy_joy_control'
[0.203s] INFO:colcon.colcon_core.shell:Skip shell extension 'powershell' for command environment: Not usable outside of PowerShell
[0.203s] DEBUG:colcon.colcon_core.shell:Skip shell extension 'dsv' for command environment
[0.205s] INFO:colcon.colcon_ros.task.ament_cmake.build:Building ROS package in '/home/dragonblade316/Programming/robotics/dummy/dummy_motion' with build type 'ament_cmake'
[0.205s] INFO:colcon.colcon_cmake.task.cmake.build:Building CMake package in '/home/dragonblade316/Programming/robotics/dummy/dummy_motion'
[0.205s] INFO:colcon.colcon_core.shell:Skip shell extension 'powershell' for command environment: Not usable outside of PowerShell
[0.205s] DEBUG:colcon.colcon_core.shell:Skip shell extension 'dsv' for command environment
[0.207s] INFO:colcon.colcon_ros.task.ament_python.build:Building ROS package in '/home/dragonblade316/Programming/robotics/dummy/dummy_serial' with build type 'ament_python'
[0.207s] Level 1:colcon.colcon_core.shell:create_environment_hook('dummy_serial', 'ament_prefix_path')
[0.207s] INFO:colcon.colcon_core.shell:Creating environment hook '/home/dragonblade316/Programming/robotics/dummy/install_clang/dummy_serial/share/dummy_serial/hook/ament_prefix_path.ps1'
[0.207s] INFO:colcon.colcon_core.shell:Creating environment descriptor '/home/dragonblade316/Programming/robotics/dummy/install_clang/dummy_serial/share/dummy_serial/hook/ament_prefix_path.dsv'
[0.207s] INFO:colcon.colcon_core.shell:Creating environment hook '/home/dragonblade316/Programming/robotics/dummy/install_clang/dummy_serial/share/dummy_serial/hook/ament_prefix_path.sh'
[0.208s] INFO:colcon.colcon_core.shell:Skip shell extension 'powershell' for command environment: Not usable outside of PowerShell
[0.208s] DEBUG:colcon.colcon_core.shell:Skip shell extension 'dsv' for command environment
[0.209s] INFO:colcon.colcon_ros.task.ament_cmake.build:Building ROS package in '/home/dragonblade316/Programming/robotics/dummy/serial-ros2' with build type 'ament_cmake'
[0.209s] INFO:colcon.colcon_cmake.task.cmake.build:Building CMake package in '/home/dragonblade316/Programming/robotics/dummy/serial-ros2'
[0.210s] INFO:colcon.colcon_core.shell:Skip shell extension 'powershell' for command environment: Not usable outside of PowerShell
[0.210s] DEBUG:colcon.colcon_core.shell:Skip shell extension 'dsv' for command environment
[0.214s] DEBUG:colcon.colcon_core.event_handler.log_command:Invoking command in '/home/dragonblade316/Programming/robotics/dummy/build_clang/dummy_description': CMAKE_PREFIX_PATH=${CMAKE_PREFIX_PATH}:/home/dragonblade316/Programming/robotics/dummy/install_clang/dummy_serial:/opt/ros/humble /usr/bin/cmake --build /home/dragonblade316/Programming/robotics/dummy/build_clang/dummy_description -- -j20 -l20
[0.216s] DEBUG:colcon.colcon_core.event_handler.log_command:Invoking command in '/home/dragonblade316/Programming/robotics/dummy/build_clang/dummy_bringup': CMAKE_PREFIX_PATH=${CMAKE_PREFIX_PATH}:/home/dragonblade316/Programming/robotics/dummy/install_clang/dummy_serial:/opt/ros/humble /usr/bin/cmake --build /home/dragonblade316/Programming/robotics/dummy/build_clang/dummy_bringup -- -j20 -l20
[0.217s] DEBUG:colcon.colcon_core.event_handler.log_command:Invoking command in '/home/dragonblade316/Programming/robotics/dummy/build_clang/dummy_controller': CMAKE_PREFIX_PATH=${CMAKE_PREFIX_PATH}:/home/dragonblade316/Programming/robotics/dummy/install_clang/dummy_serial:/opt/ros/humble /usr/bin/cmake --build /home/dragonblade316/Programming/robotics/dummy/build_clang/dummy_controller -- -j20 -l20
[0.218s] DEBUG:colcon.colcon_core.event_handler.log_command:Invoking command in '/home/dragonblade316/Programming/robotics/dummy/build_clang/dummy_hardware': CMAKE_PREFIX_PATH=${CMAKE_PREFIX_PATH}:/home/dragonblade316/Programming/robotics/dummy/install_clang/dummy_serial:/opt/ros/humble /usr/bin/cmake --build /home/dragonblade316/Programming/robotics/dummy/build_clang/dummy_hardware -- -j20 -l20
[0.219s] DEBUG:colcon.colcon_core.event_handler.log_command:Invoking command in '/home/dragonblade316/Programming/robotics/dummy/build_clang/dummy_joy_control': CMAKE_PREFIX_PATH=${CMAKE_PREFIX_PATH}:/home/dragonblade316/Programming/robotics/dummy/install_clang/dummy_serial:/opt/ros/humble /usr/bin/cmake --build /home/dragonblade316/Programming/robotics/dummy/build_clang/dummy_joy_control -- -j20 -l20
[0.220s] DEBUG:colcon.colcon_core.event_handler.log_command:Invoking command in '/home/dragonblade316/Programming/robotics/dummy/build_clang/dummy_motion': CMAKE_PREFIX_PATH=${CMAKE_PREFIX_PATH}:/home/dragonblade316/Programming/robotics/dummy/install_clang/dummy_serial:/opt/ros/humble /usr/bin/cmake --build /home/dragonblade316/Programming/robotics/dummy/build_clang/dummy_motion -- -j20 -l20
[0.378s] INFO:colcon.colcon_core.task.python.build:Building Python package in '/home/dragonblade316/Programming/robotics/dummy/dummy_serial'
[0.379s] INFO:colcon.colcon_core.shell:Skip shell extension 'powershell' for command environment: Not usable outside of PowerShell
[0.379s] DEBUG:colcon.colcon_core.shell:Skip shell extension 'dsv' for command environment
[0.385s] DEBUG:colcon.colcon_core.event_handler.log_command:Invoking command in '/home/dragonblade316/Programming/robotics/dummy/build_clang/serial': CMAKE_PREFIX_PATH=${CMAKE_PREFIX_PATH}:/home/dragonblade316/Programming/robotics/dummy/install_clang/dummy_serial:/opt/ros/humble /usr/bin/cmake --build /home/dragonblade316/Programming/robotics/dummy/build_clang/serial -- -j20 -l20
[0.385s] DEBUG:colcon.colcon_core.event_handler.log_command:Invoked command in '/home/dragonblade316/Programming/robotics/dummy/build_clang/dummy_description' returned '0': CMAKE_PREFIX_PATH=${CMAKE_PREFIX_PATH}:/home/dragonblade316/Programming/robotics/dummy/install_clang/dummy_serial:/opt/ros/humble /usr/bin/cmake --build /home/dragonblade316/Programming/robotics/dummy/build_clang/dummy_description -- -j20 -l20
[0.390s] DEBUG:colcon.colcon_core.event_handler.log_command:Invoking command in '/home/dragonblade316/Programming/robotics/dummy/build_clang/dummy_description': CMAKE_PREFIX_PATH=${CMAKE_PREFIX_PATH}:/home/dragonblade316/Programming/robotics/dummy/install_clang/dummy_serial:/opt/ros/humble /usr/bin/cmake --install /home/dragonblade316/Programming/robotics/dummy/build_clang/dummy_description
[0.391s] DEBUG:colcon.colcon_core.event_handler.log_command:Invoked command in '/home/dragonblade316/Programming/robotics/dummy/build_clang/dummy_joy_control' returned '0': CMAKE_PREFIX_PATH=${CMAKE_PREFIX_PATH}:/home/dragonblade316/Programming/robotics/dummy/install_clang/dummy_serial:/opt/ros/humble /usr/bin/cmake --build /home/dragonblade316/Programming/robotics/dummy/build_clang/dummy_joy_control -- -j20 -l20
[0.392s] DEBUG:colcon.colcon_core.event_handler.log_command:Invoking command in '/home/dragonblade316/Programming/robotics/dummy/build_clang/dummy_joy_control': CMAKE_PREFIX_PATH=${CMAKE_PREFIX_PATH}:/home/dragonblade316/Programming/robotics/dummy/install_clang/dummy_serial:/opt/ros/humble /usr/bin/cmake --install /home/dragonblade316/Programming/robotics/dummy/build_clang/dummy_joy_control
[0.392s] DEBUG:colcon.colcon_core.event_handler.log_command:Invoked command in '/home/dragonblade316/Programming/robotics/dummy/build_clang/dummy_motion' returned '0': CMAKE_PREFIX_PATH=${CMAKE_PREFIX_PATH}:/home/dragonblade316/Programming/robotics/dummy/install_clang/dummy_serial:/opt/ros/humble /usr/bin/cmake --build /home/dragonblade316/Programming/robotics/dummy/build_clang/dummy_motion -- -j20 -l20
[0.393s] DEBUG:colcon.colcon_core.event_handler.log_command:Invoking command in '/home/dragonblade316/Programming/robotics/dummy/build_clang/dummy_motion': CMAKE_PREFIX_PATH=${CMAKE_PREFIX_PATH}:/home/dragonblade316/Programming/robotics/dummy/install_clang/dummy_serial:/opt/ros/humble /usr/bin/cmake --install /home/dragonblade316/Programming/robotics/dummy/build_clang/dummy_motion
[0.394s] DEBUG:colcon.colcon_core.event_handler.log_command:Invoked command in '/home/dragonblade316/Programming/robotics/dummy/build_clang/dummy_bringup' returned '0': CMAKE_PREFIX_PATH=${CMAKE_PREFIX_PATH}:/home/dragonblade316/Programming/robotics/dummy/install_clang/dummy_serial:/opt/ros/humble /usr/bin/cmake --build /home/dragonblade316/Programming/robotics/dummy/build_clang/dummy_bringup -- -j20 -l20
[0.394s] DEBUG:colcon.colcon_core.event_handler.log_command:Invoking command in '/home/dragonblade316/Programming/robotics/dummy/build_clang/dummy_bringup': CMAKE_PREFIX_PATH=${CMAKE_PREFIX_PATH}:/home/dragonblade316/Programming/robotics/dummy/install_clang/dummy_serial:/opt/ros/humble /usr/bin/cmake --install /home/dragonblade316/Programming/robotics/dummy/build_clang/dummy_bringup
[0.395s] DEBUG:colcon.colcon_core.event_handler.log_command:Invoked command in '/home/dragonblade316/Programming/robotics/dummy/build_clang/dummy_controller' returned '0': CMAKE_PREFIX_PATH=${CMAKE_PREFIX_PATH}:/home/dragonblade316/Programming/robotics/dummy/install_clang/dummy_serial:/opt/ros/humble /usr/bin/cmake --build /home/dragonblade316/Programming/robotics/dummy/build_clang/dummy_controller -- -j20 -l20
[0.396s] DEBUG:colcon.colcon_core.event_handler.log_command:Invoking command in '/home/dragonblade316/Programming/robotics/dummy/build_clang/dummy_controller': CMAKE_PREFIX_PATH=${CMAKE_PREFIX_PATH}:/home/dragonblade316/Programming/robotics/dummy/install_clang/dummy_serial:/opt/ros/humble /usr/bin/cmake --install /home/dragonblade316/Programming/robotics/dummy/build_clang/dummy_controller
[0.406s] Level 1:colcon.colcon_core.environment:create_environment_scripts_only(dummy_joy_control)
[0.406s] DEBUG:colcon.colcon_core.event_handler.log_command:Invoked command in '/home/dragonblade316/Programming/robotics/dummy/build_clang/dummy_joy_control' returned '0': CMAKE_PREFIX_PATH=${CMAKE_PREFIX_PATH}:/home/dragonblade316/Programming/robotics/dummy/install_clang/dummy_serial:/opt/ros/humble /usr/bin/cmake --install /home/dragonblade316/Programming/robotics/dummy/build_clang/dummy_joy_control
[0.409s] Level 1:colcon.colcon_core.environment:checking '/home/dragonblade316/Programming/robotics/dummy/install_clang/dummy_joy_control' for CMake module files
[0.410s] Level 1:colcon.colcon_core.environment:checking '/home/dragonblade316/Programming/robotics/dummy/install_clang/dummy_joy_control' for CMake config files
[0.410s] Level 1:colcon.colcon_core.shell:create_environment_hook('dummy_joy_control', 'cmake_prefix_path')
[0.410s] INFO:colcon.colcon_core.shell:Creating environment hook '/home/dragonblade316/Programming/robotics/dummy/install_clang/dummy_joy_control/share/dummy_joy_control/hook/cmake_prefix_path.ps1'
[0.411s] INFO:colcon.colcon_core.shell:Creating environment descriptor '/home/dragonblade316/Programming/robotics/dummy/install_clang/dummy_joy_control/share/dummy_joy_control/hook/cmake_prefix_path.dsv'
[0.411s] INFO:colcon.colcon_core.shell:Creating environment hook '/home/dragonblade316/Programming/robotics/dummy/install_clang/dummy_joy_control/share/dummy_joy_control/hook/cmake_prefix_path.sh'
[0.411s] Level 1:colcon.colcon_core.environment:checking '/home/dragonblade316/Programming/robotics/dummy/install_clang/dummy_joy_control/lib'
[0.412s] Level 1:colcon.colcon_core.environment:checking '/home/dragonblade316/Programming/robotics/dummy/install_clang/dummy_joy_control/bin'
[0.412s] Level 1:colcon.colcon_core.environment:checking '/home/dragonblade316/Programming/robotics/dummy/install_clang/dummy_joy_control/lib/pkgconfig/dummy_joy_control.pc'
[0.412s] Level 1:colcon.colcon_core.environment:checking '/home/dragonblade316/Programming/robotics/dummy/install_clang/dummy_joy_control/lib/python3.10/site-packages'
[0.412s] Level 1:colcon.colcon_core.environment:checking '/home/dragonblade316/Programming/robotics/dummy/install_clang/dummy_joy_control/bin'
[0.412s] INFO:colcon.colcon_core.shell:Creating package script '/home/dragonblade316/Programming/robotics/dummy/install_clang/dummy_joy_control/share/dummy_joy_control/package.ps1'
[0.413s] INFO:colcon.colcon_core.shell:Creating package descriptor '/home/dragonblade316/Programming/robotics/dummy/install_clang/dummy_joy_control/share/dummy_joy_control/package.dsv'
[0.413s] INFO:colcon.colcon_core.shell:Creating package script '/home/dragonblade316/Programming/robotics/dummy/install_clang/dummy_joy_control/share/dummy_joy_control/package.sh'
[0.414s] INFO:colcon.colcon_core.shell:Creating package script '/home/dragonblade316/Programming/robotics/dummy/install_clang/dummy_joy_control/share/dummy_joy_control/package.bash'
[0.414s] INFO:colcon.colcon_core.shell:Creating package script '/home/dragonblade316/Programming/robotics/dummy/install_clang/dummy_joy_control/share/dummy_joy_control/package.zsh'
[0.415s] Level 1:colcon.colcon_core.environment:create_file_with_runtime_dependencies(/home/dragonblade316/Programming/robotics/dummy/install_clang/dummy_joy_control/share/colcon-core/packages/dummy_joy_control)
[0.415s] Level 1:colcon.colcon_core.environment:create_environment_scripts_only(dummy_joy_control)
[0.416s] Level 1:colcon.colcon_core.environment:checking '/home/dragonblade316/Programming/robotics/dummy/install_clang/dummy_joy_control' for CMake module files
[0.416s] Level 1:colcon.colcon_core.environment:checking '/home/dragonblade316/Programming/robotics/dummy/install_clang/dummy_joy_control' for CMake config files
[0.416s] Level 1:colcon.colcon_core.shell:create_environment_hook('dummy_joy_control', 'cmake_prefix_path')
[0.416s] INFO:colcon.colcon_core.shell:Creating environment hook '/home/dragonblade316/Programming/robotics/dummy/install_clang/dummy_joy_control/share/dummy_joy_control/hook/cmake_prefix_path.ps1'
[0.417s] INFO:colcon.colcon_core.shell:Creating environment descriptor '/home/dragonblade316/Programming/robotics/dummy/install_clang/dummy_joy_control/share/dummy_joy_control/hook/cmake_prefix_path.dsv'
[0.417s] INFO:colcon.colcon_core.shell:Creating environment hook '/home/dragonblade316/Programming/robotics/dummy/install_clang/dummy_joy_control/share/dummy_joy_control/hook/cmake_prefix_path.sh'
[0.417s] Level 1:colcon.colcon_core.environment:checking '/home/dragonblade316/Programming/robotics/dummy/install_clang/dummy_joy_control/lib'
[0.417s] Level 1:colcon.colcon_core.environment:checking '/home/dragonblade316/Programming/robotics/dummy/install_clang/dummy_joy_control/bin'
[0.418s] Level 1:colcon.colcon_core.environment:checking '/home/dragonblade316/Programming/robotics/dummy/install_clang/dummy_joy_control/lib/pkgconfig/dummy_joy_control.pc'
[0.418s] Level 1:colcon.colcon_core.environment:checking '/home/dragonblade316/Programming/robotics/dummy/install_clang/dummy_joy_control/lib/python3.10/site-packages'
[0.418s] Level 1:colcon.colcon_core.environment:checking '/home/dragonblade316/Programming/robotics/dummy/install_clang/dummy_joy_control/bin'
[0.418s] INFO:colcon.colcon_core.shell:Creating package script '/home/dragonblade316/Programming/robotics/dummy/install_clang/dummy_joy_control/share/dummy_joy_control/package.ps1'
[0.418s] INFO:colcon.colcon_core.shell:Creating package descriptor '/home/dragonblade316/Programming/robotics/dummy/install_clang/dummy_joy_control/share/dummy_joy_control/package.dsv'
[0.419s] INFO:colcon.colcon_core.shell:Creating package script '/home/dragonblade316/Programming/robotics/dummy/install_clang/dummy_joy_control/share/dummy_joy_control/package.sh'
[0.419s] INFO:colcon.colcon_core.shell:Creating package script '/home/dragonblade316/Programming/robotics/dummy/install_clang/dummy_joy_control/share/dummy_joy_control/package.bash'
[0.419s] INFO:colcon.colcon_core.shell:Creating package script '/home/dragonblade316/Programming/robotics/dummy/install_clang/dummy_joy_control/share/dummy_joy_control/package.zsh'
[0.420s] Level 1:colcon.colcon_core.environment:create_file_with_runtime_dependencies(/home/dragonblade316/Programming/robotics/dummy/install_clang/dummy_joy_control/share/colcon-core/packages/dummy_joy_control)
[0.420s] Level 1:colcon.colcon_core.environment:create_environment_scripts_only(dummy_controller)
[0.420s] Level 1:colcon.colcon_core.environment:checking '/home/dragonblade316/Programming/robotics/dummy/install_clang/dummy_controller' for CMake module files
[0.421s] DEBUG:colcon.colcon_core.event_handler.log_command:Invoked command in '/home/dragonblade316/Programming/robotics/dummy/build_clang/dummy_controller' returned '0': CMAKE_PREFIX_PATH=${CMAKE_PREFIX_PATH}:/home/dragonblade316/Programming/robotics/dummy/install_clang/dummy_serial:/opt/ros/humble /usr/bin/cmake --install /home/dragonblade316/Programming/robotics/dummy/build_clang/dummy_controller
[0.421s] Level 1:colcon.colcon_core.environment:checking '/home/dragonblade316/Programming/robotics/dummy/install_clang/dummy_controller' for CMake config files
[0.422s] Level 1:colcon.colcon_core.shell:create_environment_hook('dummy_controller', 'cmake_prefix_path')
[0.422s] INFO:colcon.colcon_core.shell:Creating environment hook '/home/dragonblade316/Programming/robotics/dummy/install_clang/dummy_controller/share/dummy_controller/hook/cmake_prefix_path.ps1'
[0.422s] INFO:colcon.colcon_core.shell:Creating environment descriptor '/home/dragonblade316/Programming/robotics/dummy/install_clang/dummy_controller/share/dummy_controller/hook/cmake_prefix_path.dsv'
[0.423s] INFO:colcon.colcon_core.shell:Creating environment hook '/home/dragonblade316/Programming/robotics/dummy/install_clang/dummy_controller/share/dummy_controller/hook/cmake_prefix_path.sh'
[0.423s] Level 1:colcon.colcon_core.environment:checking '/home/dragonblade316/Programming/robotics/dummy/install_clang/dummy_controller/lib'
[0.423s] Level 1:colcon.colcon_core.environment:checking '/home/dragonblade316/Programming/robotics/dummy/install_clang/dummy_controller/bin'
[0.423s] Level 1:colcon.colcon_core.environment:checking '/home/dragonblade316/Programming/robotics/dummy/install_clang/dummy_controller/lib/pkgconfig/dummy_controller.pc'
[0.423s] Level 1:colcon.colcon_core.environment:checking '/home/dragonblade316/Programming/robotics/dummy/install_clang/dummy_controller/lib/python3.10/site-packages'
[0.423s] Level 1:colcon.colcon_core.environment:checking '/home/dragonblade316/Programming/robotics/dummy/install_clang/dummy_controller/bin'
[0.424s] INFO:colcon.colcon_core.shell:Creating package script '/home/dragonblade316/Programming/robotics/dummy/install_clang/dummy_controller/share/dummy_controller/package.ps1'
[0.424s] INFO:colcon.colcon_core.shell:Creating package descriptor '/home/dragonblade316/Programming/robotics/dummy/install_clang/dummy_controller/share/dummy_controller/package.dsv'
[0.424s] INFO:colcon.colcon_core.shell:Creating package script '/home/dragonblade316/Programming/robotics/dummy/install_clang/dummy_controller/share/dummy_controller/package.sh'
[0.424s] INFO:colcon.colcon_core.shell:Creating package script '/home/dragonblade316/Programming/robotics/dummy/install_clang/dummy_controller/share/dummy_controller/package.bash'
[0.424s] INFO:colcon.colcon_core.shell:Creating package script '/home/dragonblade316/Programming/robotics/dummy/install_clang/dummy_controller/share/dummy_controller/package.zsh'
[0.424s] Level 1:colcon.colcon_core.environment:create_file_with_runtime_dependencies(/home/dragonblade316/Programming/robotics/dummy/install_clang/dummy_controller/share/colcon-core/packages/dummy_controller)
[0.425s] Level 1:colcon.colcon_core.environment:create_environment_scripts_only(dummy_controller)
[0.425s] Level 1:colcon.colcon_core.environment:checking '/home/dragonblade316/Programming/robotics/dummy/install_clang/dummy_controller' for CMake module files
[0.425s] Level 1:colcon.colcon_core.environment:checking '/home/dragonblade316/Programming/robotics/dummy/install_clang/dummy_controller' for CMake config files
[0.425s] Level 1:colcon.colcon_core.shell:create_environment_hook('dummy_controller', 'cmake_prefix_path')
[0.425s] INFO:colcon.colcon_core.shell:Creating environment hook '/home/dragonblade316/Programming/robotics/dummy/install_clang/dummy_controller/share/dummy_controller/hook/cmake_prefix_path.ps1'
[0.425s] INFO:colcon.colcon_core.shell:Creating environment descriptor '/home/dragonblade316/Programming/robotics/dummy/install_clang/dummy_controller/share/dummy_controller/hook/cmake_prefix_path.dsv'
[0.425s] INFO:colcon.colcon_core.shell:Creating environment hook '/home/dragonblade316/Programming/robotics/dummy/install_clang/dummy_controller/share/dummy_controller/hook/cmake_prefix_path.sh'
[0.426s] Level 1:colcon.colcon_core.environment:checking '/home/dragonblade316/Programming/robotics/dummy/install_clang/dummy_controller/lib'
[0.426s] Level 1:colcon.colcon_core.environment:checking '/home/dragonblade316/Programming/robotics/dummy/install_clang/dummy_controller/bin'
[0.426s] Level 1:colcon.colcon_core.environment:checking '/home/dragonblade316/Programming/robotics/dummy/install_clang/dummy_controller/lib/pkgconfig/dummy_controller.pc'
[0.426s] Level 1:colcon.colcon_core.environment:checking '/home/dragonblade316/Programming/robotics/dummy/install_clang/dummy_controller/lib/python3.10/site-packages'
[0.426s] Level 1:colcon.colcon_core.environment:checking '/home/dragonblade316/Programming/robotics/dummy/install_clang/dummy_controller/bin'
[0.426s] INFO:colcon.colcon_core.shell:Creating package script '/home/dragonblade316/Programming/robotics/dummy/install_clang/dummy_controller/share/dummy_controller/package.ps1'
[0.426s] INFO:colcon.colcon_core.shell:Creating package descriptor '/home/dragonblade316/Programming/robotics/dummy/install_clang/dummy_controller/share/dummy_controller/package.dsv'
[0.426s] INFO:colcon.colcon_core.shell:Creating package script '/home/dragonblade316/Programming/robotics/dummy/install_clang/dummy_controller/share/dummy_controller/package.sh'
[0.426s] INFO:colcon.colcon_core.shell:Creating package script '/home/dragonblade316/Programming/robotics/dummy/install_clang/dummy_controller/share/dummy_controller/package.bash'
[0.427s] INFO:colcon.colcon_core.shell:Creating package script '/home/dragonblade316/Programming/robotics/dummy/install_clang/dummy_controller/share/dummy_controller/package.zsh'
[0.427s] Level 1:colcon.colcon_core.environment:create_file_with_runtime_dependencies(/home/dragonblade316/Programming/robotics/dummy/install_clang/dummy_controller/share/colcon-core/packages/dummy_controller)
[0.428s] Level 1:colcon.colcon_core.environment:create_environment_scripts_only(dummy_description)
[0.428s] Level 1:colcon.colcon_core.environment:checking '/home/dragonblade316/Programming/robotics/dummy/install_clang/dummy_description' for CMake module files
[0.428s] DEBUG:colcon.colcon_core.event_handler.log_command:Invoked command in '/home/dragonblade316/Programming/robotics/dummy/build_clang/dummy_description' returned '0': CMAKE_PREFIX_PATH=${CMAKE_PREFIX_PATH}:/home/dragonblade316/Programming/robotics/dummy/install_clang/dummy_serial:/opt/ros/humble /usr/bin/cmake --install /home/dragonblade316/Programming/robotics/dummy/build_clang/dummy_description
[0.429s] Level 1:colcon.colcon_core.environment:checking '/home/dragonblade316/Programming/robotics/dummy/install_clang/dummy_description' for CMake config files
[0.429s] Level 1:colcon.colcon_core.shell:create_environment_hook('dummy_description', 'cmake_prefix_path')
[0.429s] INFO:colcon.colcon_core.shell:Creating environment hook '/home/dragonblade316/Programming/robotics/dummy/install_clang/dummy_description/share/dummy_description/hook/cmake_prefix_path.ps1'
[0.429s] INFO:colcon.colcon_core.shell:Creating environment descriptor '/home/dragonblade316/Programming/robotics/dummy/install_clang/dummy_description/share/dummy_description/hook/cmake_prefix_path.dsv'
[0.429s] INFO:colcon.colcon_core.shell:Creating environment hook '/home/dragonblade316/Programming/robotics/dummy/install_clang/dummy_description/share/dummy_description/hook/cmake_prefix_path.sh'
[0.429s] Level 1:colcon.colcon_core.environment:checking '/home/dragonblade316/Programming/robotics/dummy/install_clang/dummy_description/bin'
[0.429s] Level 1:colcon.colcon_core.environment:checking '/home/dragonblade316/Programming/robotics/dummy/install_clang/dummy_description/lib/pkgconfig/dummy_description.pc'
[0.430s] Level 1:colcon.colcon_core.environment:checking '/home/dragonblade316/Programming/robotics/dummy/install_clang/dummy_description/lib/python3.10/site-packages'
[0.430s] Level 1:colcon.colcon_core.environment:checking '/home/dragonblade316/Programming/robotics/dummy/install_clang/dummy_description/bin'
[0.430s] INFO:colcon.colcon_core.shell:Creating package script '/home/dragonblade316/Programming/robotics/dummy/install_clang/dummy_description/share/dummy_description/package.ps1'
[0.430s] INFO:colcon.colcon_core.shell:Creating package descriptor '/home/dragonblade316/Programming/robotics/dummy/install_clang/dummy_description/share/dummy_description/package.dsv'
[0.430s] INFO:colcon.colcon_core.shell:Creating package script '/home/dragonblade316/Programming/robotics/dummy/install_clang/dummy_description/share/dummy_description/package.sh'
[0.430s] INFO:colcon.colcon_core.shell:Creating package script '/home/dragonblade316/Programming/robotics/dummy/install_clang/dummy_description/share/dummy_description/package.bash'
[0.430s] INFO:colcon.colcon_core.shell:Creating package script '/home/dragonblade316/Programming/robotics/dummy/install_clang/dummy_description/share/dummy_description/package.zsh'
[0.431s] Level 1:colcon.colcon_core.environment:create_file_with_runtime_dependencies(/home/dragonblade316/Programming/robotics/dummy/install_clang/dummy_description/share/colcon-core/packages/dummy_description)
[0.431s] Level 1:colcon.colcon_core.environment:create_environment_scripts_only(dummy_description)
[0.431s] Level 1:colcon.colcon_core.environment:checking '/home/dragonblade316/Programming/robotics/dummy/install_clang/dummy_description' for CMake module files
[0.431s] Level 1:colcon.colcon_core.environment:checking '/home/dragonblade316/Programming/robotics/dummy/install_clang/dummy_description' for CMake config files
[0.431s] Level 1:colcon.colcon_core.shell:create_environment_hook('dummy_description', 'cmake_prefix_path')
[0.431s] INFO:colcon.colcon_core.shell:Creating environment hook '/home/dragonblade316/Programming/robotics/dummy/install_clang/dummy_description/share/dummy_description/hook/cmake_prefix_path.ps1'
[0.431s] INFO:colcon.colcon_core.shell:Creating environment descriptor '/home/dragonblade316/Programming/robotics/dummy/install_clang/dummy_description/share/dummy_description/hook/cmake_prefix_path.dsv'
[0.431s] INFO:colcon.colcon_core.shell:Creating environment hook '/home/dragonblade316/Programming/robotics/dummy/install_clang/dummy_description/share/dummy_description/hook/cmake_prefix_path.sh'
[0.432s] Level 1:colcon.colcon_core.environment:checking '/home/dragonblade316/Programming/robotics/dummy/install_clang/dummy_description/bin'
[0.432s] Level 1:colcon.colcon_core.environment:checking '/home/dragonblade316/Programming/robotics/dummy/install_clang/dummy_description/lib/pkgconfig/dummy_description.pc'
[0.432s] Level 1:colcon.colcon_core.environment:checking '/home/dragonblade316/Programming/robotics/dummy/install_clang/dummy_description/lib/python3.10/site-packages'
[0.432s] Level 1:colcon.colcon_core.environment:checking '/home/dragonblade316/Programming/robotics/dummy/install_clang/dummy_description/bin'
[0.432s] INFO:colcon.colcon_core.shell:Creating package script '/home/dragonblade316/Programming/robotics/dummy/install_clang/dummy_description/share/dummy_description/package.ps1'
[0.432s] INFO:colcon.colcon_core.shell:Creating package descriptor '/home/dragonblade316/Programming/robotics/dummy/install_clang/dummy_description/share/dummy_description/package.dsv'
[0.433s] INFO:colcon.colcon_core.shell:Creating package script '/home/dragonblade316/Programming/robotics/dummy/install_clang/dummy_description/share/dummy_description/package.sh'
[0.433s] INFO:colcon.colcon_core.shell:Creating package script '/home/dragonblade316/Programming/robotics/dummy/install_clang/dummy_description/share/dummy_description/package.bash'
[0.433s] INFO:colcon.colcon_core.shell:Creating package script '/home/dragonblade316/Programming/robotics/dummy/install_clang/dummy_description/share/dummy_description/package.zsh'
[0.433s] Level 1:colcon.colcon_core.environment:create_file_with_runtime_dependencies(/home/dragonblade316/Programming/robotics/dummy/install_clang/dummy_description/share/colcon-core/packages/dummy_description)
[0.433s] Level 1:colcon.colcon_core.environment:create_environment_scripts_only(dummy_motion)
[0.433s] Level 1:colcon.colcon_core.environment:checking '/home/dragonblade316/Programming/robotics/dummy/install_clang/dummy_motion' for CMake module files
[0.434s] DEBUG:colcon.colcon_core.event_handler.log_command:Invoked command in '/home/dragonblade316/Programming/robotics/dummy/build_clang/dummy_motion' returned '0': CMAKE_PREFIX_PATH=${CMAKE_PREFIX_PATH}:/home/dragonblade316/Programming/robotics/dummy/install_clang/dummy_serial:/opt/ros/humble /usr/bin/cmake --install /home/dragonblade316/Programming/robotics/dummy/build_clang/dummy_motion
[0.434s] Level 1:colcon.colcon_core.environment:checking '/home/dragonblade316/Programming/robotics/dummy/install_clang/dummy_motion' for CMake config files
[0.434s] Level 1:colcon.colcon_core.shell:create_environment_hook('dummy_motion', 'cmake_prefix_path')
[0.434s] INFO:colcon.colcon_core.shell:Creating environment hook '/home/dragonblade316/Programming/robotics/dummy/install_clang/dummy_motion/share/dummy_motion/hook/cmake_prefix_path.ps1'
[0.434s] INFO:colcon.colcon_core.shell:Creating environment descriptor '/home/dragonblade316/Programming/robotics/dummy/install_clang/dummy_motion/share/dummy_motion/hook/cmake_prefix_path.dsv'
[0.434s] INFO:colcon.colcon_core.shell:Creating environment hook '/home/dragonblade316/Programming/robotics/dummy/install_clang/dummy_motion/share/dummy_motion/hook/cmake_prefix_path.sh'
[0.435s] Level 1:colcon.colcon_core.environment:checking '/home/dragonblade316/Programming/robotics/dummy/install_clang/dummy_motion/bin'
[0.435s] Level 1:colcon.colcon_core.environment:checking '/home/dragonblade316/Programming/robotics/dummy/install_clang/dummy_motion/lib/pkgconfig/dummy_motion.pc'
[0.435s] Level 1:colcon.colcon_core.environment:checking '/home/dragonblade316/Programming/robotics/dummy/install_clang/dummy_motion/lib/python3.10/site-packages'
[0.435s] Level 1:colcon.colcon_core.environment:checking '/home/dragonblade316/Programming/robotics/dummy/install_clang/dummy_motion/bin'
[0.435s] INFO:colcon.colcon_core.shell:Creating package script '/home/dragonblade316/Programming/robotics/dummy/install_clang/dummy_motion/share/dummy_motion/package.ps1'
[0.435s] INFO:colcon.colcon_core.shell:Creating package descriptor '/home/dragonblade316/Programming/robotics/dummy/install_clang/dummy_motion/share/dummy_motion/package.dsv'
[0.435s] INFO:colcon.colcon_core.shell:Creating package script '/home/dragonblade316/Programming/robotics/dummy/install_clang/dummy_motion/share/dummy_motion/package.sh'
[0.435s] INFO:colcon.colcon_core.shell:Creating package script '/home/dragonblade316/Programming/robotics/dummy/install_clang/dummy_motion/share/dummy_motion/package.bash'
[0.436s] INFO:colcon.colcon_core.shell:Creating package script '/home/dragonblade316/Programming/robotics/dummy/install_clang/dummy_motion/share/dummy_motion/package.zsh'
[0.436s] Level 1:colcon.colcon_core.environment:create_file_with_runtime_dependencies(/home/dragonblade316/Programming/robotics/dummy/install_clang/dummy_motion/share/colcon-core/packages/dummy_motion)
[0.436s] Level 1:colcon.colcon_core.environment:create_environment_scripts_only(dummy_motion)
[0.436s] Level 1:colcon.colcon_core.environment:checking '/home/dragonblade316/Programming/robotics/dummy/install_clang/dummy_motion' for CMake module files
[0.436s] Level 1:colcon.colcon_core.environment:checking '/home/dragonblade316/Programming/robotics/dummy/install_clang/dummy_motion' for CMake config files
[0.436s] Level 1:colcon.colcon_core.shell:create_environment_hook('dummy_motion', 'cmake_prefix_path')
[0.436s] INFO:colcon.colcon_core.shell:Creating environment hook '/home/dragonblade316/Programming/robotics/dummy/install_clang/dummy_motion/share/dummy_motion/hook/cmake_prefix_path.ps1'
[0.437s] INFO:colcon.colcon_core.shell:Creating environment descriptor '/home/dragonblade316/Programming/robotics/dummy/install_clang/dummy_motion/share/dummy_motion/hook/cmake_prefix_path.dsv'
[0.437s] INFO:colcon.colcon_core.shell:Creating environment hook '/home/dragonblade316/Programming/robotics/dummy/install_clang/dummy_motion/share/dummy_motion/hook/cmake_prefix_path.sh'
[0.437s] Level 1:colcon.colcon_core.environment:checking '/home/dragonblade316/Programming/robotics/dummy/install_clang/dummy_motion/bin'
[0.437s] Level 1:colcon.colcon_core.environment:checking '/home/dragonblade316/Programming/robotics/dummy/install_clang/dummy_motion/lib/pkgconfig/dummy_motion.pc'
[0.437s] Level 1:colcon.colcon_core.environment:checking '/home/dragonblade316/Programming/robotics/dummy/install_clang/dummy_motion/lib/python3.10/site-packages'
[0.437s] Level 1:colcon.colcon_core.environment:checking '/home/dragonblade316/Programming/robotics/dummy/install_clang/dummy_motion/bin'
[0.437s] INFO:colcon.colcon_core.shell:Creating package script '/home/dragonblade316/Programming/robotics/dummy/install_clang/dummy_motion/share/dummy_motion/package.ps1'
[0.437s] INFO:colcon.colcon_core.shell:Creating package descriptor '/home/dragonblade316/Programming/robotics/dummy/install_clang/dummy_motion/share/dummy_motion/package.dsv'
[0.438s] INFO:colcon.colcon_core.shell:Creating package script '/home/dragonblade316/Programming/robotics/dummy/install_clang/dummy_motion/share/dummy_motion/package.sh'
[0.438s] INFO:colcon.colcon_core.shell:Creating package script '/home/dragonblade316/Programming/robotics/dummy/install_clang/dummy_motion/share/dummy_motion/package.bash'
[0.438s] INFO:colcon.colcon_core.shell:Creating package script '/home/dragonblade316/Programming/robotics/dummy/install_clang/dummy_motion/share/dummy_motion/package.zsh'
[0.438s] Level 1:colcon.colcon_core.environment:create_file_with_runtime_dependencies(/home/dragonblade316/Programming/robotics/dummy/install_clang/dummy_motion/share/colcon-core/packages/dummy_motion)
[0.438s] Level 1:colcon.colcon_core.environment:create_environment_scripts_only(dummy_bringup)
[0.439s] Level 1:colcon.colcon_core.environment:checking '/home/dragonblade316/Programming/robotics/dummy/install_clang/dummy_bringup' for CMake module files
[0.439s] Level 1:colcon.colcon_core.environment:checking '/home/dragonblade316/Programming/robotics/dummy/install_clang/dummy_bringup' for CMake config files
[0.439s] DEBUG:colcon.colcon_core.event_handler.log_command:Invoked command in '/home/dragonblade316/Programming/robotics/dummy/build_clang/dummy_bringup' returned '0': CMAKE_PREFIX_PATH=${CMAKE_PREFIX_PATH}:/home/dragonblade316/Programming/robotics/dummy/install_clang/dummy_serial:/opt/ros/humble /usr/bin/cmake --install /home/dragonblade316/Programming/robotics/dummy/build_clang/dummy_bringup
[0.439s] Level 1:colcon.colcon_core.shell:create_environment_hook('dummy_bringup', 'cmake_prefix_path')
[0.440s] INFO:colcon.colcon_core.shell:Creating environment hook '/home/dragonblade316/Programming/robotics/dummy/install_clang/dummy_bringup/share/dummy_bringup/hook/cmake_prefix_path.ps1'
[0.440s] INFO:colcon.colcon_core.shell:Creating environment descriptor '/home/dragonblade316/Programming/robotics/dummy/install_clang/dummy_bringup/share/dummy_bringup/hook/cmake_prefix_path.dsv'
[0.440s] INFO:colcon.colcon_core.shell:Creating environment hook '/home/dragonblade316/Programming/robotics/dummy/install_clang/dummy_bringup/share/dummy_bringup/hook/cmake_prefix_path.sh'
[0.440s] Level 1:colcon.colcon_core.environment:checking '/home/dragonblade316/Programming/robotics/dummy/install_clang/dummy_bringup/bin'
[0.440s] Level 1:colcon.colcon_core.environment:checking '/home/dragonblade316/Programming/robotics/dummy/install_clang/dummy_bringup/lib/pkgconfig/dummy_bringup.pc'
[0.440s] Level 1:colcon.colcon_core.environment:checking '/home/dragonblade316/Programming/robotics/dummy/install_clang/dummy_bringup/lib/python3.10/site-packages'
[0.440s] Level 1:colcon.colcon_core.environment:checking '/home/dragonblade316/Programming/robotics/dummy/install_clang/dummy_bringup/bin'
[0.441s] INFO:colcon.colcon_core.shell:Creating package script '/home/dragonblade316/Programming/robotics/dummy/install_clang/dummy_bringup/share/dummy_bringup/package.ps1'
[0.441s] INFO:colcon.colcon_core.shell:Creating package descriptor '/home/dragonblade316/Programming/robotics/dummy/install_clang/dummy_bringup/share/dummy_bringup/package.dsv'
[0.441s] INFO:colcon.colcon_core.shell:Creating package script '/home/dragonblade316/Programming/robotics/dummy/install_clang/dummy_bringup/share/dummy_bringup/package.sh'
[0.441s] INFO:colcon.colcon_core.shell:Creating package script '/home/dragonblade316/Programming/robotics/dummy/install_clang/dummy_bringup/share/dummy_bringup/package.bash'
[0.441s] INFO:colcon.colcon_core.shell:Creating package script '/home/dragonblade316/Programming/robotics/dummy/install_clang/dummy_bringup/share/dummy_bringup/package.zsh'
[0.441s] Level 1:colcon.colcon_core.environment:create_file_with_runtime_dependencies(/home/dragonblade316/Programming/robotics/dummy/install_clang/dummy_bringup/share/colcon-core/packages/dummy_bringup)
[0.442s] Level 1:colcon.colcon_core.environment:create_environment_scripts_only(dummy_bringup)
[0.442s] Level 1:colcon.colcon_core.environment:checking '/home/dragonblade316/Programming/robotics/dummy/install_clang/dummy_bringup' for CMake module files
[0.442s] Level 1:colcon.colcon_core.environment:checking '/home/dragonblade316/Programming/robotics/dummy/install_clang/dummy_bringup' for CMake config files
[0.442s] Level 1:colcon.colcon_core.shell:create_environment_hook('dummy_bringup', 'cmake_prefix_path')
[0.442s] INFO:colcon.colcon_core.shell:Creating environment hook '/home/dragonblade316/Programming/robotics/dummy/install_clang/dummy_bringup/share/dummy_bringup/hook/cmake_prefix_path.ps1'
[0.442s] INFO:colcon.colcon_core.shell:Creating environment descriptor '/home/dragonblade316/Programming/robotics/dummy/install_clang/dummy_bringup/share/dummy_bringup/hook/cmake_prefix_path.dsv'
[0.442s] INFO:colcon.colcon_core.shell:Creating environment hook '/home/dragonblade316/Programming/robotics/dummy/install_clang/dummy_bringup/share/dummy_bringup/hook/cmake_prefix_path.sh'
[0.443s] Level 1:colcon.colcon_core.environment:checking '/home/dragonblade316/Programming/robotics/dummy/install_clang/dummy_bringup/bin'
[0.443s] Level 1:colcon.colcon_core.environment:checking '/home/dragonblade316/Programming/robotics/dummy/install_clang/dummy_bringup/lib/pkgconfig/dummy_bringup.pc'
[0.443s] Level 1:colcon.colcon_core.environment:checking '/home/dragonblade316/Programming/robotics/dummy/install_clang/dummy_bringup/lib/python3.10/site-packages'
[0.443s] Level 1:colcon.colcon_core.environment:checking '/home/dragonblade316/Programming/robotics/dummy/install_clang/dummy_bringup/bin'
[0.443s] INFO:colcon.colcon_core.shell:Creating package script '/home/dragonblade316/Programming/robotics/dummy/install_clang/dummy_bringup/share/dummy_bringup/package.ps1'
[0.443s] INFO:colcon.colcon_core.shell:Creating package descriptor '/home/dragonblade316/Programming/robotics/dummy/install_clang/dummy_bringup/share/dummy_bringup/package.dsv'
[0.443s] INFO:colcon.colcon_core.shell:Creating package script '/home/dragonblade316/Programming/robotics/dummy/install_clang/dummy_bringup/share/dummy_bringup/package.sh'
[0.443s] INFO:colcon.colcon_core.shell:Creating package script '/home/dragonblade316/Programming/robotics/dummy/install_clang/dummy_bringup/share/dummy_bringup/package.bash'
[0.444s] INFO:colcon.colcon_core.shell:Creating package script '/home/dragonblade316/Programming/robotics/dummy/install_clang/dummy_bringup/share/dummy_bringup/package.zsh'
[0.444s] Level 1:colcon.colcon_core.environment:create_file_with_runtime_dependencies(/home/dragonblade316/Programming/robotics/dummy/install_clang/dummy_bringup/share/colcon-core/packages/dummy_bringup)
[0.444s] INFO:colcon.colcon_ros.task.ament_cmake.build:Building ROS package in '/home/dragonblade316/Programming/robotics/dummy/moveit_config' with build type 'ament_cmake'
[0.444s] INFO:colcon.colcon_cmake.task.cmake.build:Building CMake package in '/home/dragonblade316/Programming/robotics/dummy/moveit_config'
[0.444s] INFO:colcon.colcon_core.shell:Skip shell extension 'powershell' for command environment: Not usable outside of PowerShell
[0.444s] DEBUG:colcon.colcon_core.shell:Skip shell extension 'dsv' for command environment
[0.447s] DEBUG:colcon.colcon_core.event_handler.log_command:Invoked command in '/home/dragonblade316/Programming/robotics/dummy/build_clang/serial' returned '0': CMAKE_PREFIX_PATH=${CMAKE_PREFIX_PATH}:/home/dragonblade316/Programming/robotics/dummy/install_clang/dummy_serial:/opt/ros/humble /usr/bin/cmake --build /home/dragonblade316/Programming/robotics/dummy/build_clang/serial -- -j20 -l20
[0.448s] DEBUG:colcon.colcon_core.event_handler.log_command:Invoking command in '/home/dragonblade316/Programming/robotics/dummy/build_clang/serial': CMAKE_PREFIX_PATH=${CMAKE_PREFIX_PATH}:/home/dragonblade316/Programming/robotics/dummy/install_clang/dummy_serial:/opt/ros/humble /usr/bin/cmake --install /home/dragonblade316/Programming/robotics/dummy/build_clang/serial
[0.449s] DEBUG:colcon.colcon_core.event_handler.log_command:Invoking command in '/home/dragonblade316/Programming/robotics/dummy/build_clang/moveit_config': CMAKE_PREFIX_PATH=/home/dragonblade316/Programming/robotics/dummy/install_clang/dummy_description:/home/dragonblade316/Programming/robotics/dummy/install_clang/serial:/home/dragonblade316/Programming/robotics/dummy/install_clang/moveit_config:/home/dragonblade316/Programming/robotics/dummy/install_clang/dummy_motion:/home/dragonblade316/Programming/robotics/dummy/install_clang/dummy_joy_control:/home/dragonblade316/Programming/robotics/dummy/install_clang/dummy_hardware:/home/dragonblade316/Programming/robotics/dummy/install_clang/dummy_controller:/home/dragonblade316/Programming/robotics/dummy/install_clang/dummy_bringup:/home/dragonblade316/Programming/robotics/dummy/install_clang/dummy_serial:/opt/ros/humble /usr/bin/cmake --build /home/dragonblade316/Programming/robotics/dummy/build_clang/moveit_config -- -j20 -l20
[0.459s] Level 1:colcon.colcon_core.environment:create_environment_scripts_only(serial)
[0.460s] Level 1:colcon.colcon_core.environment:checking '/home/dragonblade316/Programming/robotics/dummy/install_clang/serial' for CMake module files
[0.460s] DEBUG:colcon.colcon_core.event_handler.log_command:Invoked command in '/home/dragonblade316/Programming/robotics/dummy/build_clang/serial' returned '0': CMAKE_PREFIX_PATH=${CMAKE_PREFIX_PATH}:/home/dragonblade316/Programming/robotics/dummy/install_clang/dummy_serial:/opt/ros/humble /usr/bin/cmake --install /home/dragonblade316/Programming/robotics/dummy/build_clang/serial
[0.460s] Level 1:colcon.colcon_core.environment:checking '/home/dragonblade316/Programming/robotics/dummy/install_clang/serial' for CMake config files
[0.460s] Level 1:colcon.colcon_core.shell:create_environment_hook('serial', 'cmake_prefix_path')
[0.460s] INFO:colcon.colcon_core.shell:Creating environment hook '/home/dragonblade316/Programming/robotics/dummy/install_clang/serial/share/serial/hook/cmake_prefix_path.ps1'
[0.461s] INFO:colcon.colcon_core.shell:Creating environment descriptor '/home/dragonblade316/Programming/robotics/dummy/install_clang/serial/share/serial/hook/cmake_prefix_path.dsv'
[0.461s] INFO:colcon.colcon_core.shell:Creating environment hook '/home/dragonblade316/Programming/robotics/dummy/install_clang/serial/share/serial/hook/cmake_prefix_path.sh'
[0.461s] Level 1:colcon.colcon_core.environment:checking '/home/dragonblade316/Programming/robotics/dummy/install_clang/serial/lib'
[0.461s] Level 1:colcon.colcon_core.environment:checking '/home/dragonblade316/Programming/robotics/dummy/install_clang/serial/bin'
[0.461s] Level 1:colcon.colcon_core.environment:checking '/home/dragonblade316/Programming/robotics/dummy/install_clang/serial/lib/pkgconfig/serial.pc'
[0.461s] Level 1:colcon.colcon_core.environment:checking '/home/dragonblade316/Programming/robotics/dummy/install_clang/serial/lib/python3.10/site-packages'
[0.461s] Level 1:colcon.colcon_core.environment:checking '/home/dragonblade316/Programming/robotics/dummy/install_clang/serial/bin'
[0.461s] INFO:colcon.colcon_core.shell:Creating package script '/home/dragonblade316/Programming/robotics/dummy/install_clang/serial/share/serial/package.ps1'
[0.462s] INFO:colcon.colcon_core.shell:Creating package descriptor '/home/dragonblade316/Programming/robotics/dummy/install_clang/serial/share/serial/package.dsv'
[0.462s] INFO:colcon.colcon_core.shell:Creating package script '/home/dragonblade316/Programming/robotics/dummy/install_clang/serial/share/serial/package.sh'
[0.462s] INFO:colcon.colcon_core.shell:Creating package script '/home/dragonblade316/Programming/robotics/dummy/install_clang/serial/share/serial/package.bash'
[0.462s] INFO:colcon.colcon_core.shell:Creating package script '/home/dragonblade316/Programming/robotics/dummy/install_clang/serial/share/serial/package.zsh'
[0.462s] Level 1:colcon.colcon_core.environment:create_file_with_runtime_dependencies(/home/dragonblade316/Programming/robotics/dummy/install_clang/serial/share/colcon-core/packages/serial)
[0.462s] Level 1:colcon.colcon_core.environment:create_environment_scripts_only(serial)
[0.462s] Level 1:colcon.colcon_core.environment:checking '/home/dragonblade316/Programming/robotics/dummy/install_clang/serial' for CMake module files
[0.463s] Level 1:colcon.colcon_core.environment:checking '/home/dragonblade316/Programming/robotics/dummy/install_clang/serial' for CMake config files
[0.463s] Level 1:colcon.colcon_core.shell:create_environment_hook('serial', 'cmake_prefix_path')
[0.463s] INFO:colcon.colcon_core.shell:Creating environment hook '/home/dragonblade316/Programming/robotics/dummy/install_clang/serial/share/serial/hook/cmake_prefix_path.ps1'
[0.463s] INFO:colcon.colcon_core.shell:Creating environment descriptor '/home/dragonblade316/Programming/robotics/dummy/install_clang/serial/share/serial/hook/cmake_prefix_path.dsv'
[0.463s] INFO:colcon.colcon_core.shell:Creating environment hook '/home/dragonblade316/Programming/robotics/dummy/install_clang/serial/share/serial/hook/cmake_prefix_path.sh'
[0.463s] Level 1:colcon.colcon_core.environment:checking '/home/dragonblade316/Programming/robotics/dummy/install_clang/serial/lib'
[0.463s] Level 1:colcon.colcon_core.environment:checking '/home/dragonblade316/Programming/robotics/dummy/install_clang/serial/bin'
[0.463s] Level 1:colcon.colcon_core.environment:checking '/home/dragonblade316/Programming/robotics/dummy/install_clang/serial/lib/pkgconfig/serial.pc'
[0.464s] Level 1:colcon.colcon_core.environment:checking '/home/dragonblade316/Programming/robotics/dummy/install_clang/serial/lib/python3.10/site-packages'
[0.464s] Level 1:colcon.colcon_core.environment:checking '/home/dragonblade316/Programming/robotics/dummy/install_clang/serial/bin'
[0.464s] INFO:colcon.colcon_core.shell:Creating package script '/home/dragonblade316/Programming/robotics/dummy/install_clang/serial/share/serial/package.ps1'
[0.464s] INFO:colcon.colcon_core.shell:Creating package descriptor '/home/dragonblade316/Programming/robotics/dummy/install_clang/serial/share/serial/package.dsv'
[0.464s] INFO:colcon.colcon_core.shell:Creating package script '/home/dragonblade316/Programming/robotics/dummy/install_clang/serial/share/serial/package.sh'
[0.464s] INFO:colcon.colcon_core.shell:Creating package script '/home/dragonblade316/Programming/robotics/dummy/install_clang/serial/share/serial/package.bash'
[0.464s] INFO:colcon.colcon_core.shell:Creating package script '/home/dragonblade316/Programming/robotics/dummy/install_clang/serial/share/serial/package.zsh'
[0.465s] Level 1:colcon.colcon_core.environment:create_file_with_runtime_dependencies(/home/dragonblade316/Programming/robotics/dummy/install_clang/serial/share/colcon-core/packages/serial)
[0.473s] DEBUG:colcon.colcon_core.event_handler.log_command:Invoked command in '/home/dragonblade316/Programming/robotics/dummy/build_clang/moveit_config' returned '0': CMAKE_PREFIX_PATH=/home/dragonblade316/Programming/robotics/dummy/install_clang/dummy_description:/home/dragonblade316/Programming/robotics/dummy/install_clang/serial:/home/dragonblade316/Programming/robotics/dummy/install_clang/moveit_config:/home/dragonblade316/Programming/robotics/dummy/install_clang/dummy_motion:/home/dragonblade316/Programming/robotics/dummy/install_clang/dummy_joy_control:/home/dragonblade316/Programming/robotics/dummy/install_clang/dummy_hardware:/home/dragonblade316/Programming/robotics/dummy/install_clang/dummy_controller:/home/dragonblade316/Programming/robotics/dummy/install_clang/dummy_bringup:/home/dragonblade316/Programming/robotics/dummy/install_clang/dummy_serial:/opt/ros/humble /usr/bin/cmake --build /home/dragonblade316/Programming/robotics/dummy/build_clang/moveit_config -- -j20 -l20
[0.474s] DEBUG:colcon.colcon_core.event_handler.log_command:Invoking command in '/home/dragonblade316/Programming/robotics/dummy/build_clang/moveit_config': CMAKE_PREFIX_PATH=/home/dragonblade316/Programming/robotics/dummy/install_clang/dummy_description:/home/dragonblade316/Programming/robotics/dummy/install_clang/serial:/home/dragonblade316/Programming/robotics/dummy/install_clang/moveit_config:/home/dragonblade316/Programming/robotics/dummy/install_clang/dummy_motion:/home/dragonblade316/Programming/robotics/dummy/install_clang/dummy_joy_control:/home/dragonblade316/Programming/robotics/dummy/install_clang/dummy_hardware:/home/dragonblade316/Programming/robotics/dummy/install_clang/dummy_controller:/home/dragonblade316/Programming/robotics/dummy/install_clang/dummy_bringup:/home/dragonblade316/Programming/robotics/dummy/install_clang/dummy_serial:/opt/ros/humble /usr/bin/cmake --install /home/dragonblade316/Programming/robotics/dummy/build_clang/moveit_config
[0.490s] Level 1:colcon.colcon_core.environment:create_environment_scripts_only(moveit_config)
[0.490s] Level 1:colcon.colcon_core.environment:checking '/home/dragonblade316/Programming/robotics/dummy/install_clang/moveit_config' for CMake module files
[0.490s] DEBUG:colcon.colcon_core.event_handler.log_command:Invoked command in '/home/dragonblade316/Programming/robotics/dummy/build_clang/moveit_config' returned '0': CMAKE_PREFIX_PATH=/home/dragonblade316/Programming/robotics/dummy/install_clang/dummy_description:/home/dragonblade316/Programming/robotics/dummy/install_clang/serial:/home/dragonblade316/Programming/robotics/dummy/install_clang/moveit_config:/home/dragonblade316/Programming/robotics/dummy/install_clang/dummy_motion:/home/dragonblade316/Programming/robotics/dummy/install_clang/dummy_joy_control:/home/dragonblade316/Programming/robotics/dummy/install_clang/dummy_hardware:/home/dragonblade316/Programming/robotics/dummy/install_clang/dummy_controller:/home/dragonblade316/Programming/robotics/dummy/install_clang/dummy_bringup:/home/dragonblade316/Programming/robotics/dummy/install_clang/dummy_serial:/opt/ros/humble /usr/bin/cmake --install /home/dragonblade316/Programming/robotics/dummy/build_clang/moveit_config
[0.490s] Level 1:colcon.colcon_core.environment:checking '/home/dragonblade316/Programming/robotics/dummy/install_clang/moveit_config' for CMake config files
[0.491s] Level 1:colcon.colcon_core.shell:create_environment_hook('moveit_config', 'cmake_prefix_path')
[0.491s] INFO:colcon.colcon_core.shell:Creating environment hook '/home/dragonblade316/Programming/robotics/dummy/install_clang/moveit_config/share/moveit_config/hook/cmake_prefix_path.ps1'
[0.491s] INFO:colcon.colcon_core.shell:Creating environment descriptor '/home/dragonblade316/Programming/robotics/dummy/install_clang/moveit_config/share/moveit_config/hook/cmake_prefix_path.dsv'
[0.491s] INFO:colcon.colcon_core.shell:Creating environment hook '/home/dragonblade316/Programming/robotics/dummy/install_clang/moveit_config/share/moveit_config/hook/cmake_prefix_path.sh'
[0.491s] Level 1:colcon.colcon_core.environment:checking '/home/dragonblade316/Programming/robotics/dummy/install_clang/moveit_config/bin'
[0.491s] Level 1:colcon.colcon_core.environment:checking '/home/dragonblade316/Programming/robotics/dummy/install_clang/moveit_config/lib/pkgconfig/moveit_config.pc'
[0.492s] Level 1:colcon.colcon_core.environment:checking '/home/dragonblade316/Programming/robotics/dummy/install_clang/moveit_config/lib/python3.10/site-packages'
[0.492s] Level 1:colcon.colcon_core.environment:checking '/home/dragonblade316/Programming/robotics/dummy/install_clang/moveit_config/bin'
[0.492s] INFO:colcon.colcon_core.shell:Creating package script '/home/dragonblade316/Programming/robotics/dummy/install_clang/moveit_config/share/moveit_config/package.ps1'
[0.492s] INFO:colcon.colcon_core.shell:Creating package descriptor '/home/dragonblade316/Programming/robotics/dummy/install_clang/moveit_config/share/moveit_config/package.dsv'
[0.492s] INFO:colcon.colcon_core.shell:Creating package script '/home/dragonblade316/Programming/robotics/dummy/install_clang/moveit_config/share/moveit_config/package.sh'
[0.492s] INFO:colcon.colcon_core.shell:Creating package script '/home/dragonblade316/Programming/robotics/dummy/install_clang/moveit_config/share/moveit_config/package.bash'
[0.493s] INFO:colcon.colcon_core.shell:Creating package script '/home/dragonblade316/Programming/robotics/dummy/install_clang/moveit_config/share/moveit_config/package.zsh'
[0.493s] Level 1:colcon.colcon_core.environment:create_file_with_runtime_dependencies(/home/dragonblade316/Programming/robotics/dummy/install_clang/moveit_config/share/colcon-core/packages/moveit_config)
[0.493s] Level 1:colcon.colcon_core.environment:create_environment_scripts_only(moveit_config)
[0.493s] Level 1:colcon.colcon_core.environment:checking '/home/dragonblade316/Programming/robotics/dummy/install_clang/moveit_config' for CMake module files
[0.494s] Level 1:colcon.colcon_core.environment:checking '/home/dragonblade316/Programming/robotics/dummy/install_clang/moveit_config' for CMake config files
[0.494s] Level 1:colcon.colcon_core.shell:create_environment_hook('moveit_config', 'cmake_prefix_path')
[0.494s] INFO:colcon.colcon_core.shell:Creating environment hook '/home/dragonblade316/Programming/robotics/dummy/install_clang/moveit_config/share/moveit_config/hook/cmake_prefix_path.ps1'
[0.494s] INFO:colcon.colcon_core.shell:Creating environment descriptor '/home/dragonblade316/Programming/robotics/dummy/install_clang/moveit_config/share/moveit_config/hook/cmake_prefix_path.dsv'
[0.494s] INFO:colcon.colcon_core.shell:Creating environment hook '/home/dragonblade316/Programming/robotics/dummy/install_clang/moveit_config/share/moveit_config/hook/cmake_prefix_path.sh'
[0.494s] Level 1:colcon.colcon_core.environment:checking '/home/dragonblade316/Programming/robotics/dummy/install_clang/moveit_config/bin'
[0.495s] Level 1:colcon.colcon_core.environment:checking '/home/dragonblade316/Programming/robotics/dummy/install_clang/moveit_config/lib/pkgconfig/moveit_config.pc'
[0.495s] Level 1:colcon.colcon_core.environment:checking '/home/dragonblade316/Programming/robotics/dummy/install_clang/moveit_config/lib/python3.10/site-packages'
[0.495s] Level 1:colcon.colcon_core.environment:checking '/home/dragonblade316/Programming/robotics/dummy/install_clang/moveit_config/bin'
[0.495s] INFO:colcon.colcon_core.shell:Creating package script '/home/dragonblade316/Programming/robotics/dummy/install_clang/moveit_config/share/moveit_config/package.ps1'
[0.495s] INFO:colcon.colcon_core.shell:Creating package descriptor '/home/dragonblade316/Programming/robotics/dummy/install_clang/moveit_config/share/moveit_config/package.dsv'
[0.495s] INFO:colcon.colcon_core.shell:Creating package script '/home/dragonblade316/Programming/robotics/dummy/install_clang/moveit_config/share/moveit_config/package.sh'
[0.495s] INFO:colcon.colcon_core.shell:Creating package script '/home/dragonblade316/Programming/robotics/dummy/install_clang/moveit_config/share/moveit_config/package.bash'
[0.496s] INFO:colcon.colcon_core.shell:Creating package script '/home/dragonblade316/Programming/robotics/dummy/install_clang/moveit_config/share/moveit_config/package.zsh'
[0.496s] Level 1:colcon.colcon_core.environment:create_file_with_runtime_dependencies(/home/dragonblade316/Programming/robotics/dummy/install_clang/moveit_config/share/colcon-core/packages/moveit_config)
[0.578s] DEBUG:colcon.colcon_core.event_handler.log_command:Invoking command in '/home/dragonblade316/Programming/robotics/dummy/build_clang/dummy_serial': PYTHONPATH=/home/dragonblade316/Programming/robotics/dummy/build_clang/dummy_serial/prefix_override:/usr/lib/python3/dist-packages/colcon_core/task/python/colcon_distutils_commands:/home/dragonblade316/Programming/robotics/dummy/install_clang/dummy_serial/lib/python3.10/site-packages:${PYTHONPATH} /usr/bin/python3 -W ignore:setup.py install is deprecated -W ignore:easy_install command is deprecated setup.py develop --editable --build-directory /home/dragonblade316/Programming/robotics/dummy/build_clang/dummy_serial/build --no-deps symlink_data
[0.809s] Level 1:colcon.colcon_core.shell:create_environment_hook('dummy_serial', 'pythonpath_develop')
[0.810s] INFO:colcon.colcon_core.shell:Creating environment hook '/home/dragonblade316/Programming/robotics/dummy/build_clang/dummy_serial/share/dummy_serial/hook/pythonpath_develop.ps1'
[0.810s] DEBUG:colcon.colcon_core.event_handler.log_command:Invoked command in '/home/dragonblade316/Programming/robotics/dummy/build_clang/dummy_serial' returned '0': PYTHONPATH=/home/dragonblade316/Programming/robotics/dummy/build_clang/dummy_serial/prefix_override:/usr/lib/python3/dist-packages/colcon_core/task/python/colcon_distutils_commands:/home/dragonblade316/Programming/robotics/dummy/install_clang/dummy_serial/lib/python3.10/site-packages:${PYTHONPATH} /usr/bin/python3 -W ignore:setup.py install is deprecated -W ignore:easy_install command is deprecated setup.py develop --editable --build-directory /home/dragonblade316/Programming/robotics/dummy/build_clang/dummy_serial/build --no-deps symlink_data
[0.810s] INFO:colcon.colcon_core.shell:Creating environment descriptor '/home/dragonblade316/Programming/robotics/dummy/build_clang/dummy_serial/share/dummy_serial/hook/pythonpath_develop.dsv'
[0.810s] INFO:colcon.colcon_core.shell:Creating environment hook '/home/dragonblade316/Programming/robotics/dummy/build_clang/dummy_serial/share/dummy_serial/hook/pythonpath_develop.sh'
[0.811s] Level 1:colcon.colcon_core.environment:checking '/home/dragonblade316/Programming/robotics/dummy/install_clang/dummy_serial' for CMake module files
[0.811s] Level 1:colcon.colcon_core.environment:checking '/home/dragonblade316/Programming/robotics/dummy/install_clang/dummy_serial' for CMake config files
[0.812s] Level 1:colcon.colcon_core.environment:checking '/home/dragonblade316/Programming/robotics/dummy/install_clang/dummy_serial/lib'
[0.812s] Level 1:colcon.colcon_core.environment:checking '/home/dragonblade316/Programming/robotics/dummy/install_clang/dummy_serial/bin'
[0.812s] Level 1:colcon.colcon_core.environment:checking '/home/dragonblade316/Programming/robotics/dummy/install_clang/dummy_serial/lib/pkgconfig/dummy_serial.pc'
[0.812s] Level 1:colcon.colcon_core.environment:checking '/home/dragonblade316/Programming/robotics/dummy/install_clang/dummy_serial/lib/python3.10/site-packages'
[0.812s] Level 1:colcon.colcon_core.shell:create_environment_hook('dummy_serial', 'pythonpath')
[0.812s] INFO:colcon.colcon_core.shell:Creating environment hook '/home/dragonblade316/Programming/robotics/dummy/install_clang/dummy_serial/share/dummy_serial/hook/pythonpath.ps1'
[0.812s] INFO:colcon.colcon_core.shell:Creating environment descriptor '/home/dragonblade316/Programming/robotics/dummy/install_clang/dummy_serial/share/dummy_serial/hook/pythonpath.dsv'
[0.813s] INFO:colcon.colcon_core.shell:Creating environment hook '/home/dragonblade316/Programming/robotics/dummy/install_clang/dummy_serial/share/dummy_serial/hook/pythonpath.sh'
[0.813s] Level 1:colcon.colcon_core.environment:checking '/home/dragonblade316/Programming/robotics/dummy/install_clang/dummy_serial/bin'
[0.813s] Level 1:colcon.colcon_core.environment:create_environment_scripts_only(dummy_serial)
[0.813s] INFO:colcon.colcon_core.shell:Creating package script '/home/dragonblade316/Programming/robotics/dummy/install_clang/dummy_serial/share/dummy_serial/package.ps1'
[0.814s] INFO:colcon.colcon_core.shell:Creating package descriptor '/home/dragonblade316/Programming/robotics/dummy/install_clang/dummy_serial/share/dummy_serial/package.dsv'
[0.814s] INFO:colcon.colcon_core.shell:Creating package script '/home/dragonblade316/Programming/robotics/dummy/install_clang/dummy_serial/share/dummy_serial/package.sh'
[0.814s] INFO:colcon.colcon_core.shell:Creating package script '/home/dragonblade316/Programming/robotics/dummy/install_clang/dummy_serial/share/dummy_serial/package.bash'
[0.815s] INFO:colcon.colcon_core.shell:Creating package script '/home/dragonblade316/Programming/robotics/dummy/install_clang/dummy_serial/share/dummy_serial/package.zsh'
[0.815s] Level 1:colcon.colcon_core.environment:create_file_with_runtime_dependencies(/home/dragonblade316/Programming/robotics/dummy/install_clang/dummy_serial/share/colcon-core/packages/dummy_serial)
[1.544s] DEBUG:colcon.colcon_core.event_handler.log_command:Invoked command in '/home/dragonblade316/Programming/robotics/dummy/build_clang/dummy_hardware' returned '2': CMAKE_PREFIX_PATH=${CMAKE_PREFIX_PATH}:/home/dragonblade316/Programming/robotics/dummy/install_clang/dummy_serial:/opt/ros/humble /usr/bin/cmake --build /home/dragonblade316/Programming/robotics/dummy/build_clang/dummy_hardware -- -j20 -l20
[1.544s] Level 1:colcon.colcon_core.environment:create_environment_scripts_only(dummy_hardware)
[1.544s] Level 1:colcon.colcon_core.environment:checking '/home/dragonblade316/Programming/robotics/dummy/install_clang/dummy_hardware' for CMake module files
[1.545s] Level 1:colcon.colcon_core.environment:checking '/home/dragonblade316/Programming/robotics/dummy/install_clang/dummy_hardware' for CMake config files
[1.545s] Level 1:colcon.colcon_core.shell:create_environment_hook('dummy_hardware', 'cmake_prefix_path')
[1.545s] INFO:colcon.colcon_core.shell:Creating environment hook '/home/dragonblade316/Programming/robotics/dummy/install_clang/dummy_hardware/share/dummy_hardware/hook/cmake_prefix_path.ps1'
[1.545s] INFO:colcon.colcon_core.shell:Creating environment descriptor '/home/dragonblade316/Programming/robotics/dummy/install_clang/dummy_hardware/share/dummy_hardware/hook/cmake_prefix_path.dsv'
[1.546s] INFO:colcon.colcon_core.shell:Creating environment hook '/home/dragonblade316/Programming/robotics/dummy/install_clang/dummy_hardware/share/dummy_hardware/hook/cmake_prefix_path.sh'
[1.546s] Level 1:colcon.colcon_core.environment:checking '/home/dragonblade316/Programming/robotics/dummy/install_clang/dummy_hardware/lib'
[1.546s] Level 1:colcon.colcon_core.environment:checking '/home/dragonblade316/Programming/robotics/dummy/install_clang/dummy_hardware/bin'
[1.546s] Level 1:colcon.colcon_core.environment:checking '/home/dragonblade316/Programming/robotics/dummy/install_clang/dummy_hardware/lib/pkgconfig/dummy_hardware.pc'
[1.546s] Level 1:colcon.colcon_core.environment:checking '/home/dragonblade316/Programming/robotics/dummy/install_clang/dummy_hardware/lib/python3.10/site-packages'
[1.547s] Level 1:colcon.colcon_core.environment:checking '/home/dragonblade316/Programming/robotics/dummy/install_clang/dummy_hardware/bin'
[1.547s] INFO:colcon.colcon_core.shell:Creating package script '/home/dragonblade316/Programming/robotics/dummy/install_clang/dummy_hardware/share/dummy_hardware/package.ps1'
[1.547s] INFO:colcon.colcon_core.shell:Creating package descriptor '/home/dragonblade316/Programming/robotics/dummy/install_clang/dummy_hardware/share/dummy_hardware/package.dsv'
[1.547s] INFO:colcon.colcon_core.shell:Creating package script '/home/dragonblade316/Programming/robotics/dummy/install_clang/dummy_hardware/share/dummy_hardware/package.sh'
[1.548s] INFO:colcon.colcon_core.shell:Creating package script '/home/dragonblade316/Programming/robotics/dummy/install_clang/dummy_hardware/share/dummy_hardware/package.bash'
[1.548s] INFO:colcon.colcon_core.shell:Creating package script '/home/dragonblade316/Programming/robotics/dummy/install_clang/dummy_hardware/share/dummy_hardware/package.zsh'
[1.548s] Level 1:colcon.colcon_core.environment:create_file_with_runtime_dependencies(/home/dragonblade316/Programming/robotics/dummy/install_clang/dummy_hardware/share/colcon-core/packages/dummy_hardware)
[1.559s] DEBUG:colcon.colcon_parallel_executor.executor.parallel:closing loop
[1.559s] DEBUG:colcon.colcon_parallel_executor.executor.parallel:loop closed
[1.559s] DEBUG:colcon.colcon_parallel_executor.executor.parallel:run_until_complete finished with '2'
[1.559s] DEBUG:colcon.colcon_core.event_reactor:joining thread
[1.564s] INFO:colcon.colcon_core.plugin_system:Skipping extension 'colcon_notification.desktop_notification.terminal_notifier': Not used on non-Darwin systems
[1.564s] INFO:colcon.colcon_core.plugin_system:Skipping extension 'colcon_notification.desktop_notification.win32': Not used on non-Windows systems
[1.564s] INFO:colcon.colcon_notification.desktop_notification:Sending desktop notification using 'notify2'
[1.570s] DEBUG:colcon.colcon_core.event_reactor:joined thread
[1.570s] INFO:colcon.colcon_core.shell:Creating prefix script '/home/dragonblade316/Programming/robotics/dummy/install_clang/local_setup.ps1'
[1.571s] INFO:colcon.colcon_core.shell:Creating prefix util module '/home/dragonblade316/Programming/robotics/dummy/install_clang/_local_setup_util_ps1.py'
[1.572s] INFO:colcon.colcon_core.shell:Creating prefix chain script '/home/dragonblade316/Programming/robotics/dummy/install_clang/setup.ps1'
[1.573s] INFO:colcon.colcon_core.shell:Creating prefix script '/home/dragonblade316/Programming/robotics/dummy/install_clang/local_setup.sh'
[1.574s] INFO:colcon.colcon_core.shell:Creating prefix util module '/home/dragonblade316/Programming/robotics/dummy/install_clang/_local_setup_util_sh.py'
[1.574s] INFO:colcon.colcon_core.shell:Creating prefix chain script '/home/dragonblade316/Programming/robotics/dummy/install_clang/setup.sh'
[1.575s] INFO:colcon.colcon_core.shell:Creating prefix script '/home/dragonblade316/Programming/robotics/dummy/install_clang/local_setup.bash'
[1.575s] INFO:colcon.colcon_core.shell:Creating prefix chain script '/home/dragonblade316/Programming/robotics/dummy/install_clang/setup.bash'
[1.576s] INFO:colcon.colcon_core.shell:Creating prefix script '/home/dragonblade316/Programming/robotics/dummy/install_clang/local_setup.zsh'
[1.577s] INFO:colcon.colcon_core.shell:Creating prefix chain script '/home/dragonblade316/Programming/robotics/dummy/install_clang/setup.zsh'
